,,Overall,Overall,Overall,Overall,Overall,Overall,Conf.,Conf.,Home,Home,Away,Away,Points,Points,,Opponent Advanced,Opponent Advanced,Opponent Advanced,Opponent Advanced,Opponent Advanced,Opponent Advanced,Opponent Advanced,Opponent Advanced,Opponent Advanced,Opponent Advanced,Opponent Advanced,Opponent Advanced,Opponent Advanced
Rk,School,G,W,L,W-L%,SRS,SOS,W,L,W,L,W,L,Tm.,Opp.,,Pace,ORtg,FTr,3PAr,TS%,TRB%,AST%,STL%,BLK%,eFG%,TOV%,ORB%,FT/FGA
1,Abilene Christian,28,18,10,.643,-2.34,-6.71,13,4,12,2,6,8,2134,1809,,71.3,89.4,.468,.334,.531,49.7,43.9,9.6,9.8,.476,24.8,27.8,.347
2,Air Force,29,11,18,.379,-0.74,2.34,5,12,8,7,3,8,2127,2156,,69.4,107.1,.294,.478,.572,49.9,53.4,9.0,8.5,.548,15.0,22.4,.208
3,Akron,28,21,7,.750,6.85,-0.69,11,4,13,2,7,4,2109,1846,,70.5,93.5,.290,.331,.481,49.4,41.3,8.8,8.4,.450,16.5,29.2,.194
4,Alabama A&M,25,7,18,.280,-18.45,-8.89,4,10,5,4,2,13,1556,1795,,69.3,103.1,.356,.364,.541,52.6,51.9,8.7,11.2,.516,15.8,26.4,.234
5,Alabama-Birmingham,29,17,12,.586,-0.93,-1.45,8,8,10,6,5,6,1949,1890,,67.0,97.3,.267,.410,.518,44.9,47.1,10.5,8.6,.488,16.4,23.7,.192
6,Alabama State,27,8,19,.296,-15.64,-6.08,7,7,4,3,2,13,1664,1922,,70.4,101.1,.360,.358,.544,52.9,51.7,10.3,10.5,.521,17.7,28.9,.233
7,Alabama,28,15,13,.536,12.32,8.17,7,8,9,4,4,7,2323,2207,,76.6,101.1,.357,.347,.517,50.0,43.1,10.9,12.5,.472,15.5,30.4,.265
8,Albany (NY),29,14,15,.483,-8.75,-6.61,7,7,7,6,5,9,1943,1977,,70.1,96.8,.271,.386,.509,49.9,53.8,11.2,10.8,.481,16.1,25.8,.187
9,Alcorn State,26,13,13,.500,-15.27,-9.68,9,6,9,1,4,12,1972,1910,,72.7,100.1,.347,.355,.532,48.7,53.7,10.0,7.9,.507,17.1,27.9,.227
10,American,28,15,13,.536,-4.90,-5.82,11,6,10,3,5,10,2000,1974,,68.9,101.8,.367,.314,.536,51.7,47.8,8.7,8.6,.501,17.0,29.9,.257
11,Appalachian State,29,16,13,.552,-0.22,0.16,10,8,9,4,6,8,1980,1931,,68.3,97.1,.267,.408,.518,49.9,55.3,9.7,8.0,.489,18.2,27.7,.190
12,Arizona State,28,19,9,.679,11.85,7.85,10,5,12,2,6,4,2061,1949,,73.5,94.7,.341,.380,.518,51.1,50.7,8.8,9.6,.488,19.5,27.9,.228
13,Arizona,28,19,9,.679,20.27,8.20,9,6,12,3,4,5,2158,1820,,70.0,92.0,.336,.381,.498,47.2,52.7,6.4,7.8,.458,18.2,25.7,.239
14,Little Rock,29,20,9,.690,2.31,-1.16,14,4,12,2,8,7,2109,1994,,69.9,98.4,.331,.392,.520,47.9,49.6,9.9,9.0,.488,17.5,28.7,.228
15,Arkansas-Pine Bluff,27,4,23,.148,-20.84,-5.26,3,12,2,7,2,16,1442,1839,,67.2,100.9,.469,.375,.531,51.3,57.5,13.7,7.4,.490,18.3,30.4,.318
16,Arkansas State,30,15,15,.500,-2.77,-0.63,7,12,10,7,5,8,2120,2153,,68.2,104.4,.415,.352,.558,50.7,55.3,8.8,5.7,.518,17.8,29.0,.300
17,Arkansas,28,18,10,.643,14.08,7.15,6,9,13,4,4,6,2083,1889,,71.1,93.3,.409,.326,.508,54.7,42.5,7.0,8.9,.462,19.9,30.8,.288
18,Army,28,15,13,.536,-8.32,-6.88,10,7,9,5,6,8,1995,1997,,69.8,101.3,.243,.419,.529,51.0,50.4,8.9,9.0,.509,15.0,24.4,.161
19,Auburn,28,24,4,.857,14.92,6.88,11,4,16,0,4,4,2193,1968,,70.5,97.1,.325,.365,.509,46.3,45.3,9.2,9.3,.472,16.7,27.7,.231
20,Austin Peay,30,20,10,.667,-0.45,-4.48,14,3,14,0,5,9,2321,2146,,70.0,101.8,.324,.344,.559,47.6,51.9,8.4,6.1,.532,19.2,27.4,.226
21,Ball State,28,16,12,.571,3.60,-1.62,9,6,10,4,4,6,1932,1747,,69.2,90.1,.271,.332,.486,49.4,42.2,8.8,8.9,.458,18.0,24.8,.183
22,Baylor,27,25,2,.926,21.14,8.48,14,1,13,1,8,0,1927,1585,,66.6,88.1,.287,.349,.475,46.9,51.9,8.4,13.3,.442,19.5,29.0,.197
23,Belmont,30,23,7,.767,4.53,-6.47,14,3,13,1,10,5,2419,2051,,73.1,93.5,.248,.349,.495,49.5,47.2,8.1,8.1,.474,17.3,26.5,.159
24,Bethune-Cookman,28,15,13,.536,-9.95,-8.71,9,5,9,1,4,12,2099,2026,,75.5,95.4,.387,.342,.507,49.4,50.1,9.4,7.5,.471,18.0,29.9,.258
25,Binghamton,28,10,18,.357,-14.60,-4.52,4,11,7,7,3,11,1944,2132,,69.4,109.2,.294,.381,.535,52.7,50.8,9.1,9.5,.515,12.2,31.0,.191
26,Boise State,30,19,11,.633,8.52,3.79,11,7,13,2,4,8,2295,2081,,70.3,96.7,.289,.379,.536,48.6,44.6,8.3,7.3,.506,17.8,21.4,.208
27,Boston College,29,13,16,.448,2.35,7.18,7,11,8,9,4,7,1876,2016,,69.3,99.9,.298,.372,.536,53.4,52.7,9.4,9.1,.506,18.9,30.5,.212
28,Boston University,30,17,13,.567,-1.76,-5.14,11,6,9,3,8,8,2139,2013,,67.0,98.9,.264,.351,.520,47.9,46.0,9.5,7.4,.496,15.5,25.0,.179
29,Bowling Green State,28,21,7,.750,1.74,0.05,12,3,13,1,5,3,2102,2015,,71.4,100.0,.337,.392,.510,48.6,41.1,7.6,7.5,.477,14.4,25.8,.230
30,Bradley,30,20,10,.667,4.73,0.00,11,6,15,1,4,8,2152,1982,,67.6,97.0,.309,.439,.503,46.4,52.3,8.8,7.3,.460,15.8,25.8,.234
31,Brigham Young,30,23,7,.767,17.13,6.48,12,3,14,1,5,5,2417,2073,,70.0,97.5,.282,.334,.522,50.5,45.6,8.7,6.8,.494,16.4,23.7,.196
32,Brown,23,13,10,.565,-4.83,-1.87,6,4,10,2,3,8,1558,1597,,70.8,98.0,.299,.357,.526,46.9,47.8,11.4,10.7,.491,17.5,25.7,.218
33,Bryant,30,14,16,.467,-6.43,-6.57,6,11,9,5,5,11,2130,2077,,70.7,97.5,.304,.365,.497,48.3,50.3,9.2,9.9,.467,14.9,28.5,.204
34,Bucknell,30,12,18,.400,-7.89,-3.96,8,9,8,4,3,12,2038,2156,,70.4,102.1,.397,.332,.550,51.9,49.5,9.8,9.0,.515,17.4,26.4,.278
35,Buffalo,28,18,10,.643,2.42,0.08,9,6,9,5,6,4,2201,2101,,74.8,99.5,.293,.336,.521,46.9,47.1,9.4,9.7,.489,17.0,28.3,.210
36,Butler,28,19,9,.679,14.79,9.15,7,8,12,3,4,6,1916,1758,,64.6,96.7,.318,.389,.502,46.7,53.8,8.6,9.2,.463,15.5,24.9,.231
37,Cal Poly,28,7,21,.250,-10.02,-0.06,4,10,7,6,0,13,1887,2099,,68.9,106.0,.424,.359,.562,53.1,53.8,9.0,8.3,.523,16.6,28.0,.304
38,Cal State Bakersfield,29,12,17,.414,-6.78,-3.36,6,8,9,6,3,11,2002,1971,,66.3,100.3,.489,.401,.548,45.2,52.3,7.7,6.8,.500,17.9,24.9,.350
39,Cal State Fullerton,28,10,18,.357,-6.85,-0.93,5,8,5,8,4,9,1907,1990,,69.1,100.6,.343,.324,.533,52.0,47.5,8.8,8.4,.496,16.4,26.0,.247
40,Cal State Northridge,29,12,17,.414,-7.53,-1.05,7,6,8,4,4,12,2178,2284,,71.3,110.4,.297,.414,.571,52.9,55.1,7.2,8.2,.545,15.8,30.5,.214
41,California Baptist,28,20,8,.714,-0.53,-7.23,9,4,14,5,6,3,2251,1921,,71.0,96.2,.303,.320,.494,45.2,48.5,8.1,9.9,.464,14.0,24.4,.202
42,UC-Davis,29,13,16,.448,-4.46,-2.39,7,6,7,3,5,11,2127,2077,,68.6,103.6,.350,.385,.557,51.7,57.8,8.8,7.5,.524,17.8,28.1,.251
43,UC-Irvine,30,20,10,.667,4.00,-2.00,12,2,10,1,8,8,2228,1957,,69.3,94.1,.354,.351,.488,43.3,48.2,7.9,6.3,.446,15.0,24.4,.249
44,UC-Riverside,30,15,15,.500,-3.91,-4.09,5,9,10,5,5,10,1944,1835,,64.6,94.2,.309,.328,.498,45.8,49.6,8.6,9.0,.465,15.0,21.2,.211
45,UC-Santa Barbara,28,19,9,.679,-0.07,-4.23,8,5,11,3,8,6,2013,1865,,64.8,102.2,.295,.353,.542,46.1,47.0,6.9,6.5,.513,16.2,24.7,.212
46,University of California,28,12,16,.429,3.26,8.76,6,9,11,5,1,8,1762,1916,,65.9,102.9,.371,.389,.534,50.7,51.5,7.3,9.5,.492,15.5,26.7,.272
47,Campbell,29,14,15,.483,-8.51,-7.88,5,12,7,5,6,9,1984,1924,,67.1,98.5,.377,.339,.530,52.9,44.2,9.4,6.8,.491,18.6,28.9,.267
48,Canisius,28,10,18,.357,-7.85,-5.06,5,12,6,5,3,12,1916,1994,,70.4,101.2,.350,.366,.547,51.5,48.7,10.0,7.8,.517,19.0,30.5,.242
49,Central Arkansas,28,10,18,.357,-10.40,-1.77,9,8,8,3,2,14,2096,2309,,76.1,105.5,.345,.369,.551,49.7,54.4,11.6,8.9,.519,15.8,28.0,.245
50,Central Connecticut State,30,4,26,.133,-20.42,-4.38,3,14,4,8,0,16,1880,2311,,70.4,109.4,.322,.401,.560,55.5,56.1,10.4,10.9,.535,15.9,33.2,.221
51,Central Florida,27,14,13,.519,4.28,4.06,5,10,8,6,4,6,1858,1852,,69.2,98.2,.293,.368,.514,50.8,58.9,9.8,7.7,.477,17.6,30.8,.217
52,Central Michigan,28,13,15,.464,-2.88,-0.20,6,9,11,4,2,11,2225,2149,,75.4,101.4,.256,.393,.561,50.8,49.8,8.7,8.2,.537,19.5,27.4,.183
53,Charleston Southern,29,13,16,.448,-13.19,-6.64,7,10,8,6,5,9,2009,2102,,69.0,103.8,.289,.370,.548,53.5,52.8,9.9,8.7,.524,16.7,28.9,.200
54,Charlotte,26,15,11,.577,1.20,-1.49,9,6,12,1,3,10,1771,1701,,67.2,96.0,.285,.401,.531,49.8,50.9,10.4,10.2,.507,18.2,22.7,.192
55,Chattanooga,30,18,12,.600,-0.24,-2.41,9,8,9,4,7,8,2188,2049,,68.5,99.4,.269,.364,.529,48.2,45.4,8.1,8.9,.501,15.6,23.2,.190
56,Chicago State,28,4,24,.143,-28.14,-2.66,0,13,3,11,1,11,1723,2292,,70.5,116.1,.401,.397,.595,54.0,60.4,11.9,6.1,.559,14.7,31.1,.298
57,Cincinnati,27,18,9,.667,12.66,6.44,11,4,12,2,4,5,1984,1816,,69.4,93.5,.295,.347,.495,46.9,49.9,9.5,10.5,.456,17.2,27.3,.216
58,Citadel,28,6,22,.214,-13.47,-1.27,0,17,3,11,3,11,2110,2258,,76.0,104.7,.280,.426,.547,52.8,51.3,10.0,8.0,.523,16.0,29.0,.196
59,Clemson,27,14,13,.519,10.58,7.50,8,9,10,5,3,7,1803,1720,,66.5,94.4,.283,.436,.507,50.5,52.7,9.7,8.2,.474,17.4,24.9,.203
60,Cleveland State,30,11,19,.367,-10.75,-2.41,7,10,6,8,3,11,1927,2144,,68.8,103.1,.397,.384,.535,50.9,54.8,10.3,11.2,.492,17.8,33.6,.286
61,Coastal Carolina,29,14,15,.483,-0.73,-0.28,7,11,9,9,5,5,2260,2201,,74.1,102.4,.437,.441,.544,45.9,56.3,10.1,8.1,.498,17.0,27.6,.319
62,Colgate,30,22,8,.733,0.60,-5.37,13,4,12,1,9,7,2264,2052,,69.2,98.5,.252,.396,.515,49.6,49.3,8.3,8.9,.494,15.8,26.3,.164
63,College of Charleston,29,16,13,.552,0.85,-0.72,10,7,9,5,6,6,2034,1964,,67.2,100.9,.317,.381,.521,52.6,51.0,7.5,9.6,.482,15.7,29.1,.234
64,Colorado State,30,19,11,.633,7.11,4.42,10,7,11,4,5,6,2256,2153,,69.7,101.3,.230,.422,.538,48.4,50.0,8.9,7.7,.513,16.2,24.2,.168
65,Colorado,29,21,8,.724,16.38,8.28,10,6,13,3,4,5,2064,1829,,67.9,92.5,.256,.320,.493,45.6,45.9,10.7,8.9,.463,17.1,23.8,.181
66,Columbia,26,6,20,.231,-9.12,-3.00,1,9,5,5,0,14,1739,1862,,69.6,101.5,.242,.372,.526,52.5,47.2,8.3,11.0,.505,14.5,25.6,.164
67,Connecticut,28,16,12,.571,10.62,5.30,7,8,13,3,1,7,2017,1868,,69.0,93.3,.350,.299,.508,48.3,50.7,10.1,10.5,.464,19.5,28.9,.257
68,Coppin State,29,9,20,.310,-14.41,-7.55,5,9,5,5,4,15,1974,2173,,74.0,100.4,.307,.410,.521,52.1,57.0,8.9,8.2,.492,16.6,28.0,.210
69,Cornell,23,6,17,.261,-8.28,-2.04,3,7,6,4,0,13,1541,1603,,66.1,103.8,.292,.378,.533,51.9,53.6,8.6,11.2,.506,16.1,29.8,.203
70,Creighton,28,22,6,.786,17.43,9.39,11,4,15,1,6,4,2189,1935,,70.3,97.9,.226,.385,.500,51.3,49.9,6.8,9.5,.473,15.4,29.3,.161
71,Dartmouth,25,10,15,.400,-4.53,-3.07,3,7,6,4,3,10,1617,1603,,66.7,95.1,.282,.439,.510,49.0,51.5,8.7,7.3,.491,16.0,21.1,.175
72,Davidson,27,15,12,.556,9.42,2.79,9,6,10,1,4,7,1977,1798,,65.7,98.7,.330,.369,.516,48.9,49.9,7.7,9.4,.480,15.1,24.4,.234
73,Dayton,28,26,2,.929,18.46,3.71,15,0,15,0,8,0,2238,1825,,68.3,94.2,.306,.324,.495,48.0,47.0,8.0,8.1,.467,16.7,27.4,.200
74,Delaware State,27,3,24,.111,-22.10,-7.94,2,11,3,10,0,13,1950,2269,,75.9,109.7,.433,.399,.578,53.7,55.2,11.1,8.9,.544,16.7,30.5,.307
75,Delaware,30,20,10,.667,-1.72,-3.75,10,7,10,3,6,6,2230,2125,,68.8,102.5,.290,.390,.531,49.5,50.8,9.6,7.4,.495,14.8,26.2,.219
76,Denver,29,6,23,.207,-10.58,-1.79,2,13,5,8,0,14,1997,2226,,71.7,106.2,.385,.435,.564,52.1,49.1,8.8,6.7,.522,15.9,25.0,.291
77,DePaul,28,14,14,.500,8.57,8.20,2,13,10,7,4,7,2025,1986,,72.1,97.4,.363,.420,.527,49.3,58.8,10.7,9.0,.484,19.6,29.3,.268
78,Detroit Mercy,30,7,23,.233,-9.88,-1.58,5,12,5,8,1,14,2085,2334,,70.5,109.9,.320,.395,.560,50.5,62.7,8.9,10.6,.530,14.9,30.5,.231
79,Drake,30,18,12,.600,-0.17,-0.17,8,9,14,1,2,10,2098,2035,,68.3,98.9,.303,.410,.536,48.4,49.5,9.8,7.6,.500,16.7,21.8,.226
80,Drexel,30,13,17,.433,-5.20,-2.23,6,11,10,5,1,12,2079,2132,,68.4,103.4,.303,.299,.535,48.0,44.8,11.2,9.1,.498,14.6,26.7,.228
81,Duke,28,23,5,.821,22.83,7.79,13,4,13,2,7,3,2331,1910,,73.4,91.3,.313,.270,.490,46.1,47.6,9.9,8.5,.458,18.0,27.6,.210
82,Duquesne,27,19,8,.704,6.97,1.12,9,6,9,3,5,3,1923,1765,,67.6,95.8,.289,.370,.502,49.7,52.4,9.0,8.9,.475,17.2,29.5,.191
83,East Carolina,29,11,18,.379,-1.07,1.48,5,11,9,6,1,10,1986,2060,,70.8,99.5,.402,.422,.526,49.3,55.4,9.7,8.4,.494,16.6,26.0,.264
84,East Tennessee State,30,26,4,.867,7.21,-1.79,15,2,15,1,11,3,2286,1889,,68.1,92.4,.317,.374,.515,46.2,45.6,8.7,8.6,.481,20.4,25.8,.223
85,Eastern Illinois,29,15,14,.517,-5.28,-7.39,8,9,10,2,4,11,2175,2025,,71.2,97.2,.335,.339,.522,49.2,49.9,8.3,7.2,.482,18.6,28.0,.245
86,Eastern Kentucky,30,14,16,.467,-9.79,-4.43,11,6,9,4,5,10,2276,2304,,76.6,100.3,.366,.348,.551,54.8,55.1,9.2,8.7,.513,20.8,33.5,.267
87,Eastern Michigan,28,15,13,.536,-1.68,1.24,5,10,10,4,3,9,1824,1752,,67.8,92.2,.285,.482,.513,50.7,63.2,9.8,7.9,.490,22.0,30.1,.186
88,Eastern Washington,28,20,8,.714,1.43,-1.46,13,4,11,2,9,6,2263,2049,,74.8,96.9,.328,.325,.519,49.1,56.5,9.9,8.9,.481,17.3,26.4,.236
89,Elon,30,11,19,.367,-8.07,-1.74,7,10,8,8,3,11,2067,2160,,67.7,105.9,.408,.415,.559,51.5,53.1,9.0,10.3,.514,15.6,24.5,.306
90,Evansville,30,9,21,.300,-6.97,0.72,0,17,5,9,3,10,2034,2239,,67.8,107.3,.331,.294,.561,53.2,41.4,7.8,7.7,.526,14.9,25.9,.247
91,Fairfield,27,11,16,.407,-8.68,-4.49,7,9,5,6,5,8,1594,1707,,63.8,97.3,.297,.367,.520,47.9,51.1,9.2,8.3,.487,16.9,25.4,.211
92,Fairleigh Dickinson,28,10,18,.357,-10.20,-5.65,8,9,7,5,3,13,2012,2086,,69.0,107.1,.309,.406,.546,52.2,56.5,9.4,8.2,.518,15.8,32.4,.216
93,Florida A&M,26,12,14,.462,-12.07,-5.99,10,5,8,0,4,12,1754,1912,,70.8,101.9,.412,.357,.550,51.4,49.3,10.4,8.2,.517,18.9,31.5,.281
94,Florida Atlantic,29,16,13,.552,-1.55,-1.36,8,8,14,3,2,10,2047,1987,,70.4,96.6,.281,.384,.526,48.5,45.3,9.6,6.3,.499,18.7,25.1,.195
95,Florida Gulf Coast,30,10,20,.333,-10.17,-4.14,7,8,6,9,4,11,1843,1976,,66.9,97.7,.304,.382,.514,50.3,49.8,11.2,9.1,.484,17.6,29.2,.210
96,Florida International,28,17,11,.607,0.20,-1.40,8,7,11,2,5,8,2145,2024,,74.3,96.9,.297,.352,.503,52.6,48.9,10.5,8.3,.466,18.6,35.2,.215
97,Florida State,28,24,4,.857,17.54,7.54,14,3,15,0,6,4,2114,1834,,69.5,93.3,.347,.391,.511,48.2,44.1,7.7,7.5,.467,20.8,30.5,.257
98,Florida,28,18,10,.643,14.93,8.75,10,5,11,3,3,6,2032,1859,,67.1,98.0,.346,.364,.516,47.4,48.1,8.4,6.7,.474,16.9,27.0,.254
99,Fordham,27,7,20,.259,-4.21,0.23,1,14,6,11,0,7,1551,1671,,64.7,94.3,.318,.461,.508,53.5,61.8,10.4,8.1,.475,18.6,27.5,.218
100,Fresno State,28,10,18,.357,2.26,3.70,6,11,6,7,4,10,1942,1936,,65.3,103.5,.293,.407,.526,48.0,51.6,8.5,8.2,.489,13.8,26.9,.221
101,Furman,30,24,6,.800,7.28,-1.13,14,3,13,1,10,5,2307,1988,,69.2,95.0,.246,.414,.525,52.0,54.8,9.1,8.6,.499,20.3,28.5,.177
102,Gardner-Webb,29,14,15,.483,-5.96,-6.04,10,7,7,5,5,10,2110,2070,,67.6,102.5,.309,.425,.526,50.6,57.7,8.9,8.1,.492,15.9,30.1,.221
103,George Mason,28,15,13,.536,1.10,1.67,4,11,10,6,2,7,1871,1887,,67.2,99.8,.292,.381,.518,48.2,49.9,9.6,9.6,.491,16.6,28.8,.198
104,George Washington,28,12,16,.429,-2.39,0.36,6,9,7,8,3,7,1880,1957,,66.8,102.7,.309,.299,.521,51.6,44.3,10.1,11.6,.492,13.9,27.9,.211
105,Georgetown,28,15,13,.536,11.05,9.01,5,10,10,6,4,6,2119,2062,,71.7,102.7,.270,.413,.534,47.5,58.6,10.4,7.5,.505,16.3,28.3,.196
106,Georgia Southern,29,17,12,.586,0.98,-0.87,11,7,10,3,6,8,2177,2043,,73.0,96.5,.286,.361,.522,52.0,50.9,7.7,7.1,.492,19.0,29.3,.201
107,Georgia State,29,18,11,.621,3.69,0.06,11,7,11,1,6,10,2278,2081,,73.9,96.3,.434,.361,.505,49.8,51.0,8.6,9.6,.450,18.3,32.4,.319
108,Georgia Tech,28,14,14,.500,9.92,9.40,8,9,8,6,5,7,1925,1883,,70.8,94.2,.356,.328,.496,48.8,53.3,10.6,9.2,.453,16.8,28.3,.253
109,Georgia,28,14,14,.500,8.08,7.23,4,11,11,4,3,8,2130,2104,,72.3,102.1,.303,.346,.527,48.6,46.4,9.0,9.2,.504,16.0,30.4,.198
110,Gonzaga,30,28,2,.933,22.88,2.42,14,1,16,0,10,1,2634,2020,,73.0,91.8,.212,.338,.493,43.6,44.4,8.5,7.1,.471,16.8,23.0,.145
111,Grambling,27,14,13,.519,-12.41,-7.84,8,6,9,2,5,10,1950,1890,,71.9,97.3,.375,.385,.520,47.8,58.2,9.1,6.6,.483,17.4,26.7,.257
112,Grand Canyon,28,12,16,.429,-6.01,-3.75,7,7,7,7,4,6,1972,2042,,67.9,106.5,.297,.409,.546,51.9,56.0,7.9,7.0,.516,14.6,28.1,.214
113,Green Bay,30,15,15,.500,-5.32,-2.72,10,7,8,5,7,10,2473,2433,,75.5,106.1,.319,.403,.554,51.7,51.5,7.4,6.1,.519,16.8,30.8,.239
114,Hampton,30,13,17,.433,-13.23,-5.56,8,9,11,4,2,13,2324,2396,,72.0,110.0,.379,.378,.550,50.2,54.9,7.9,7.5,.517,13.7,30.8,.265
115,Hartford,30,16,14,.533,-7.08,-5.72,9,6,8,7,8,7,1983,1999,,69.3,95.8,.289,.385,.492,53.0,54.1,9.3,8.8,.460,16.3,30.2,.201
116,Harvard,25,18,7,.720,3.20,-1.26,7,3,10,0,7,4,1832,1668,,68.9,94.9,.317,.351,.503,46.4,45.3,9.7,6.9,.470,16.5,24.7,.217
117,Hawaii,27,16,11,.593,-0.66,-1.89,7,6,14,5,2,6,1865,1816,,69.2,96.8,.328,.268,.520,49.3,37.5,9.0,8.5,.483,16.9,25.4,.236
118,High Point,30,9,21,.300,-16.29,-5.18,6,11,6,9,3,12,1975,2243,,67.6,109.7,.362,.459,.576,48.9,60.3,10.2,10.3,.553,15.9,28.0,.246
119,Hofstra,30,22,8,.733,2.20,-3.69,13,4,9,4,11,4,2293,2080,,69.7,99.5,.215,.357,.525,49.7,54.4,8.5,6.7,.501,17.4,29.5,.156
120,Holy Cross,30,3,27,.100,-17.25,-4.08,2,15,2,11,0,15,1997,2382,,68.7,114.1,.317,.338,.579,52.6,47.3,10.0,8.7,.556,13.5,28.8,.222
121,Houston Baptist,26,3,23,.115,-17.55,-2.70,3,14,2,8,1,14,2077,2463,,78.3,120.4,.372,.327,.611,50.8,56.4,11.1,10.7,.583,14.2,32.4,.272
122,Houston,28,21,7,.750,16.36,5.61,11,4,12,2,6,5,2038,1737,,66.8,92.5,.401,.393,.483,43.4,54.8,7.7,5.6,.437,15.8,25.4,.275
123,Howard,28,2,26,.071,-21.48,-6.52,0,13,1,12,1,13,1950,2284,,71.9,112.0,.356,.378,.568,55.3,62.4,8.5,7.4,.544,16.7,36.6,.240
124,Idaho State,26,6,20,.231,-8.37,-0.92,3,14,4,9,2,11,1798,1886,,67.7,105.7,.265,.270,.554,48.9,41.2,9.0,8.7,.525,15.2,26.7,.197
125,Idaho,28,7,21,.250,-11.67,-1.79,3,14,4,9,2,11,1818,2019,,69.7,103.0,.274,.393,.534,50.3,54.1,10.4,7.5,.509,14.6,25.8,.188
126,Illinois-Chicago,30,15,15,.500,-5.18,-3.66,10,7,9,6,5,9,2051,2092,,70.2,98.9,.359,.384,.503,49.7,56.3,9.8,7.9,.467,15.0,29.2,.244
127,Illinois State,29,9,20,.310,-2.75,2.28,4,13,9,6,0,11,1914,2036,,68.2,102.4,.306,.386,.543,51.4,51.8,9.6,7.9,.511,17.3,28.1,.221
128,Illinois,28,19,9,.679,15.28,9.06,11,6,13,3,6,5,2031,1811,,67.9,94.8,.224,.333,.494,43.8,45.2,8.7,7.9,.468,15.1,24.6,.156
129,Incarnate Word,28,9,19,.321,-18.73,-6.53,6,11,7,7,2,12,1836,2055,,69.2,104.6,.330,.355,.551,52.4,58.5,9.5,10.4,.513,18.0,32.7,.249
130,Indiana State,28,17,11,.607,3.67,1.63,10,7,11,1,4,8,1930,1868,,66.2,100.3,.336,.373,.537,50.3,52.4,7.6,7.9,.506,17.0,24.9,.233
131,Indiana,28,18,10,.643,14.65,10.15,8,9,14,3,2,7,2003,1877,,68.8,97.0,.331,.393,.515,45.9,52.3,9.1,8.5,.483,16.2,24.9,.226
132,Iona,24,11,13,.458,-5.97,-5.14,9,8,5,5,4,7,1682,1702,,68.6,102.2,.360,.398,.528,51.3,60.2,9.5,8.8,.502,16.6,31.1,.232
133,Iowa State,28,12,16,.429,10.00,9.86,5,10,11,5,0,9,2038,2034,,70.6,102.4,.269,.376,.538,51.4,48.7,10.2,7.9,.515,18.0,31.9,.182
134,Iowa,28,19,9,.679,16.38,10.27,10,7,13,1,4,6,2189,2018,,70.8,101.8,.270,.398,.527,48.2,57.8,8.7,9.8,.497,15.6,28.6,.196
135,Purdue-Fort Wayne,30,13,17,.433,-8.03,-3.59,6,9,10,5,3,12,2062,2101,,69.5,100.8,.279,.413,.545,48.6,53.9,9.2,9.3,.518,17.0,24.0,.199
136,IUPUI,30,7,23,.233,-14.39,-3.35,3,14,4,8,3,13,2109,2381,,71.7,109.8,.286,.388,.556,52.2,56.1,9.7,10.4,.528,15.2,32.6,.206
137,Jackson State,27,10,17,.370,-11.78,-6.26,7,7,6,3,4,14,1796,1869,,71.1,97.3,.444,.323,.544,53.3,52.9,8.2,7.9,.498,20.2,28.5,.321
138,Jacksonville State,30,12,18,.400,-8.18,-6.18,7,10,7,6,4,11,2158,2080,,70.3,98.2,.285,.382,.539,47.3,52.6,9.1,7.8,.513,18.3,24.7,.197
139,Jacksonville,30,13,17,.433,-6.35,-5.49,6,9,6,7,6,8,1998,1990,,67.7,96.8,.280,.387,.494,47.8,43.9,9.7,8.6,.461,13.9,25.5,.199
140,James Madison,28,9,19,.321,-8.91,-2.65,2,15,6,9,3,10,2015,2136,,72.7,105.0,.289,.410,.543,50.6,52.0,7.9,10.0,.512,14.6,26.2,.210
141,Kansas State,28,9,19,.321,7.67,8.92,2,13,8,6,1,9,1801,1836,,67.4,96.8,.378,.403,.536,50.9,53.4,11.1,12.2,.500,21.0,29.7,.264
142,Kansas,28,25,3,.893,25.92,11.74,14,1,13,1,9,1,2109,1696,,68.4,88.1,.231,.406,.463,45.6,52.6,9.5,9.5,.436,16.9,26.3,.155
143,Kennesaw State,28,1,27,.036,-22.32,-2.39,0,15,1,9,0,16,1547,2105,,68.1,110.3,.303,.380,.572,54.1,52.1,9.4,10.2,.555,16.2,31.0,.198
144,Kent State,28,18,10,.643,3.48,-1.06,8,7,12,3,5,5,2128,1941,,69.8,97.6,.314,.364,.513,49.8,51.5,7.2,5.9,.478,17.8,30.6,.222
145,Kentucky,28,23,5,.821,15.91,6.70,13,2,15,1,7,2,2090,1832,,68.8,94.3,.316,.381,.481,46.8,46.1,7.4,7.8,.445,15.0,28.3,.216
146,La Salle,27,13,14,.481,-0.21,1.87,4,11,7,6,3,8,1825,1881,,69.9,98.3,.414,.365,.523,50.9,54.2,12.0,11.9,.478,17.9,29.1,.295
147,Lafayette,28,17,11,.607,-5.37,-6.08,9,8,8,5,9,6,1975,1916,,68.0,100.6,.229,.354,.505,49.9,43.7,8.8,6.4,.481,12.6,26.0,.158
148,Lamar,29,16,13,.552,-7.49,-6.69,10,8,10,4,6,9,2090,2003,,71.8,95.4,.267,.384,.523,50.8,54.9,10.0,8.8,.496,21.0,32.1,.185
149,Lehigh,29,9,20,.310,-11.14,-3.59,6,11,7,6,2,14,1962,2110,,69.3,104.1,.331,.422,.541,49.2,55.7,9.8,8.6,.507,15.0,25.9,.239
150,Liberty,30,27,3,.900,6.48,-6.99,13,2,14,0,7,3,2067,1585,,61.4,86.1,.267,.400,.469,46.3,43.4,7.6,5.6,.436,18.0,21.7,.185
151,Lipscomb,28,13,15,.464,-7.95,-5.02,8,7,7,5,6,10,1980,1983,,69.5,101.5,.268,.399,.531,50.2,48.1,8.6,10.2,.506,16.4,28.4,.183
152,Cal State Long Beach,29,10,19,.345,-8.86,2.03,5,8,7,6,2,11,1932,2179,,71.8,104.2,.294,.410,.542,52.5,57.7,11.2,6.6,.514,17.3,31.5,.209
153,Long Island University,30,14,16,.467,-7.58,-6.10,9,8,7,6,6,9,2298,2300,,73.9,102.0,.274,.356,.526,53.1,50.6,8.3,10.8,.498,15.8,30.0,.193
154,Longwood,31,14,17,.452,-11.53,-9.15,9,9,8,6,6,11,2095,2117,,68.7,97.9,.343,.429,.532,51.1,58.3,8.9,11.7,.502,18.1,25.1,.232
155,Louisiana,29,12,17,.414,-5.00,-0.82,7,11,8,6,3,10,2085,2174,,72.2,103.4,.321,.377,.544,50.4,50.4,9.4,8.1,.507,16.9,29.6,.238
156,Louisiana-Monroe,28,9,19,.321,-6.78,-0.36,5,14,7,7,2,12,1774,1895,,66.2,101.7,.332,.381,.514,51.1,52.9,9.0,7.4,.478,14.8,30.3,.236
157,Louisiana State,28,19,9,.679,13.86,7.11,10,5,13,2,5,5,2247,2058,,70.8,102.8,.246,.415,.521,45.5,48.4,8.3,8.6,.496,14.7,28.9,.172
158,Louisiana Tech,28,20,8,.714,6.71,-1.48,11,5,13,1,7,7,2093,1794,,68.4,92.8,.317,.400,.498,47.9,49.7,7.0,8.6,.461,18.6,27.1,.225
159,Louisville,29,23,6,.793,17.97,7.32,14,4,16,1,6,4,2174,1865,,67.4,94.6,.291,.408,.489,45.6,46.8,8.8,9.0,.450,15.1,25.7,.212
160,Loyola (IL),30,20,10,.667,5.89,0.37,12,5,14,2,4,6,2058,1867,,65.8,93.8,.239,.435,.538,50.4,53.4,9.4,9.6,.520,21.6,23.5,.159
161,Loyola Marymount,29,10,19,.345,-0.89,4.00,4,11,7,8,2,9,1862,1956,,64.8,103.7,.381,.456,.555,49.4,60.0,9.9,10.6,.516,17.2,27.3,.279
162,Loyola (MD),30,15,15,.500,-9.12,-6.81,7,10,9,3,5,12,2202,2242,,71.1,104.2,.324,.403,.537,51.1,54.7,9.2,8.9,.502,15.7,29.4,.233
163,Maine,28,7,21,.250,-13.55,-3.70,3,11,4,7,2,14,1709,1935,,66.3,103.3,.343,.447,.544,50.0,53.9,11.3,7.6,.503,16.3,27.4,.260
164,Manhattan,26,12,14,.462,-7.38,-6.49,8,9,7,5,5,9,1645,1668,,67.0,94.8,.451,.339,.515,50.8,57.7,9.3,9.4,.468,19.6,29.1,.313
165,Marist,26,7,19,.269,-11.47,-7.05,6,11,4,8,3,11,1591,1706,,65.9,97.2,.401,.429,.528,50.9,57.4,9.7,6.9,.484,18.4,26.1,.288
166,Marquette,27,18,9,.667,16.21,8.95,8,7,13,2,3,6,2100,1904,,71.4,97.0,.334,.344,.494,47.2,51.0,9.1,9.6,.464,13.6,25.8,.218
167,Marshall,29,14,15,.483,1.26,0.23,8,8,9,6,4,9,2167,2102,,75.1,96.1,.376,.327,.499,51.7,40.3,11.1,7.3,.459,18.0,32.6,.260
168,Maryland-Baltimore County,29,14,15,.483,-7.95,-4.47,7,7,9,5,5,8,1985,1918,,68.5,96.1,.315,.443,.512,49.7,50.6,9.8,8.8,.472,17.3,26.2,.234
169,Maryland-Eastern Shore,28,5,23,.179,-20.99,-4.22,4,9,4,4,1,19,1594,2001,,69.1,102.5,.371,.376,.546,54.7,55.0,10.5,9.8,.515,18.7,31.3,.255
170,Maryland,28,23,5,.821,18.25,9.79,13,4,15,0,5,5,2010,1773,,67.9,93.2,.236,.382,.480,46.7,54.4,8.3,11.0,.452,15.3,26.2,.164
171,Massachusetts-Lowell,29,12,17,.414,-8.00,-5.64,6,8,8,8,4,9,2173,2196,,71.4,104.8,.264,.358,.545,50.8,49.1,9.6,8.8,.520,16.6,30.4,.186
172,Massachusetts,28,13,15,.464,0.96,3.43,7,8,11,4,2,8,1915,1984,,69.4,101.2,.332,.314,.538,52.3,55.2,10.1,6.6,.508,18.0,30.3,.228
173,McNeese State,28,13,15,.464,-8.48,-6.81,8,9,10,5,3,10,2255,2084,,72.0,102.4,.278,.408,.536,47.3,54.4,10.3,8.2,.505,17.0,29.5,.204
174,Memphis,28,19,9,.679,11.94,4.37,8,7,14,3,4,5,2033,1821,,73.5,88.1,.352,.369,.463,47.8,53.9,10.4,8.0,.419,18.0,29.2,.243
175,Mercer,30,16,14,.533,-3.20,-2.81,10,7,8,6,8,6,2179,2131,,70.9,100.2,.346,.398,.523,46.9,50.8,10.0,6.8,.495,15.7,26.7,.229
176,Merrimack,31,20,11,.645,-7.04,-6.64,14,4,10,2,9,8,1948,1866,,64.4,92.4,.370,.312,.511,56.2,58.0,7.8,11.4,.469,22.8,34.0,.263
177,Miami (FL),27,14,13,.519,6.26,8.26,6,11,8,4,4,7,1973,2027,,69.6,105.5,.220,.348,.532,52.8,55.4,8.5,11.7,.510,14.9,31.8,.156
178,Miami (OH),28,11,17,.393,-5.58,-0.81,4,11,9,5,1,10,1977,1999,,69.5,102.7,.349,.384,.538,51.3,45.5,7.8,9.5,.509,16.2,27.9,.235
179,Michigan State,28,19,9,.679,21.35,10.10,11,6,11,3,5,4,2116,1801,,69.8,92.2,.288,.378,.467,44.9,56.5,8.9,9.4,.430,14.2,25.9,.201
180,Michigan,28,18,10,.643,18.54,10.93,9,8,10,5,4,5,2111,1898,,69.2,96.7,.258,.279,.491,49.1,38.9,6.4,7.2,.463,13.8,25.9,.175
181,Middle Tennessee,28,7,21,.250,-8.37,1.51,3,12,4,9,3,9,2006,2133,,71.5,106.1,.390,.343,.568,50.9,51.8,8.9,8.3,.535,17.2,27.5,.276
182,Milwaukee,29,12,17,.414,-7.01,-3.82,7,10,7,7,4,8,2090,2116,,71.1,100.4,.428,.354,.543,50.9,51.1,8.1,8.8,.499,18.5,28.9,.308
183,Minnesota,27,13,14,.481,15.84,11.84,7,10,10,5,2,8,1888,1780,,67.1,97.4,.282,.310,.489,48.3,53.7,7.8,10.1,.455,14.1,28.4,.200
184,Mississippi State,28,18,10,.643,11.97,6.76,9,6,13,2,3,6,2068,1922,,67.7,101.4,.319,.367,.524,44.6,50.3,10.7,7.1,.487,15.2,28.1,.233
185,Mississippi Valley State,27,2,25,.074,-29.34,-6.82,2,13,1,8,1,17,1843,2451,,78.8,114.7,.356,.356,.571,57.6,60.4,8.7,7.5,.545,14.8,35.8,.244
186,Mississippi,28,13,15,.464,7.48,6.63,4,11,10,5,1,9,1940,1916,,69.0,98.3,.411,.358,.526,50.6,54.1,8.8,10.6,.478,17.6,27.7,.302
187,Missouri-Kansas City,28,14,14,.500,-6.16,-2.24,6,7,8,4,4,8,1953,1867,,67.0,97.3,.455,.336,.533,52.2,49.2,8.7,11.8,.476,19.3,28.6,.345
188,Missouri State,30,14,16,.467,2.24,0.67,8,9,10,4,3,10,2086,2039,,68.2,99.2,.323,.383,.532,46.0,46.7,8.7,8.0,.500,16.1,22.9,.229
189,Missouri,28,14,14,.500,8.05,6.12,6,9,11,3,2,9,1882,1828,,67.3,96.2,.471,.379,.517,49.0,49.4,8.7,10.6,.461,18.5,28.2,.343
190,Monmouth,27,16,11,.593,-5.08,-5.20,10,6,9,1,6,9,1921,1918,,72.1,98.0,.407,.401,.539,52.8,51.3,8.3,8.8,.498,19.7,28.7,.290
191,Montana State,28,14,14,.500,-5.50,-2.46,8,9,8,4,4,10,1869,1879,,68.5,98.0,.293,.399,.509,48.8,50.4,9.9,10.3,.477,14.7,24.8,.204
192,Montana,28,17,11,.607,0.77,-1.73,13,4,12,1,5,10,1972,1895,,69.4,96.6,.428,.319,.528,51.7,45.6,8.8,6.6,.482,18.4,24.8,.307
193,Morehead State,30,13,17,.433,-10.76,-6.30,7,10,11,4,2,13,2065,2086,,69.1,99.9,.271,.376,.515,49.8,48.1,8.2,12.4,.488,15.6,28.4,.186
194,Morgan State,29,15,14,.517,-12.26,-8.83,9,5,8,4,7,7,2055,2057,,70.9,98.8,.494,.391,.518,47.4,51.3,9.3,8.5,.468,16.9,29.3,.343
195,Mount St. Mary's,30,11,19,.367,-9.40,-6.37,7,10,8,5,3,14,1917,1988,,64.6,101.4,.285,.370,.527,49.2,52.4,8.6,10.1,.496,15.5,26.8,.203
196,Murray State,29,21,8,.724,1.16,-6.88,14,3,14,0,6,6,2190,1872,,69.8,91.6,.317,.369,.492,45.1,46.5,8.7,9.8,.456,16.6,23.0,.221
197,Navy,28,14,14,.500,-7.19,-5.75,8,9,10,5,4,9,1785,1793,,62.5,100.6,.300,.412,.531,46.6,57.0,9.1,12.6,.505,16.2,25.4,.204
198,Omaha,30,16,14,.533,-4.06,-1.26,9,6,12,2,4,11,2233,2295,,70.6,106.5,.294,.392,.549,50.1,53.4,7.7,7.7,.517,14.5,27.7,.216
199,Nebraska,28,7,21,.250,3.75,10.11,2,15,5,10,0,10,1962,2140,,72.0,104.3,.216,.393,.524,56.4,50.6,7.4,12.8,.506,16.0,33.9,.144
200,Nevada-Las Vegas,30,16,14,.533,6.68,5.08,11,6,12,6,4,7,2154,2106,,67.0,101.8,.399,.432,.538,45.3,60.1,9.3,9.6,.496,15.6,23.9,.288
201,Nevada,29,19,10,.655,9.36,3.92,12,5,12,2,4,7,2244,2086,,71.7,99.9,.368,.441,.507,47.9,51.2,6.7,7.4,.465,13.2,24.5,.261
202,New Hampshire,27,14,13,.519,-7.49,-5.85,7,7,9,2,5,11,1861,1784,,70.1,93.0,.368,.385,.493,46.0,42.3,8.8,8.5,.454,15.7,20.9,.252
203,New Mexico State,29,23,6,.793,2.88,-4.27,14,0,12,1,8,3,2069,1756,,65.0,92.8,.307,.376,.527,43.4,47.1,9.5,6.8,.491,19.6,20.8,.226
204,New Mexico,30,17,13,.567,2.67,2.09,6,11,14,3,2,9,2316,2278,,73.2,103.7,.246,.434,.546,50.3,59.1,9.5,7.0,.525,17.3,30.1,.169
205,New Orleans,27,8,19,.296,-13.13,-4.13,4,13,5,8,3,11,2042,2067,,72.5,105.6,.377,.344,.584,51.9,57.0,8.9,10.1,.551,20.0,31.1,.274
206,Niagara,28,10,18,.357,-11.07,-3.97,8,9,8,3,2,15,1828,2027,,66.6,108.2,.266,.413,.555,59.2,61.4,6.8,9.6,.531,17.8,36.4,.189
207,Nicholls State,29,19,10,.655,-5.13,-5.53,13,5,11,1,7,8,2216,2020,,73.3,94.2,.394,.336,.528,51.8,54.7,8.8,7.1,.485,22.2,32.4,.284
208,NJIT,28,8,20,.286,-10.84,-4.58,5,10,5,7,3,13,1779,1920,,67.1,102.2,.328,.351,.540,52.1,51.7,8.0,9.1,.506,16.3,27.0,.236
209,Norfolk State,28,13,15,.464,-8.07,-8.15,9,4,10,2,2,12,1950,1818,,69.9,92.5,.419,.408,.510,48.6,60.7,8.1,8.9,.465,20.3,27.6,.293
210,North Alabama,28,12,16,.429,-8.70,-5.47,7,8,9,4,3,12,1912,1937,,70.4,98.3,.392,.330,.523,49.2,43.0,7.7,10.6,.486,17.3,26.7,.270
211,North Carolina-Asheville,28,14,14,.500,-9.99,-8.34,8,9,9,5,5,9,2123,2100,,71.6,104.3,.399,.306,.583,54.1,51.6,6.8,7.7,.561,20.9,29.7,.263
212,North Carolina A&T,29,15,14,.517,-9.33,-6.83,11,3,11,1,3,11,2069,2077,,75.5,94.0,.405,.391,.499,50.8,52.3,9.3,7.9,.468,18.9,30.5,.254
213,North Carolina Central,27,14,13,.519,-10.43,-7.93,10,3,10,0,4,13,1830,1740,,69.3,92.6,.318,.398,.509,50.6,52.5,8.7,8.2,.476,21.8,31.9,.220
214,North Carolina-Greensboro,30,23,7,.767,6.85,-1.51,13,4,14,4,9,3,2232,1868,,69.1,89.0,.362,.406,.518,47.7,50.2,8.3,6.8,.486,23.3,26.3,.242
215,North Carolina State,28,17,11,.607,11.48,6.59,8,9,12,4,5,6,2085,1948,,70.7,98.0,.359,.336,.513,50.8,43.9,9.2,8.6,.477,17.3,30.4,.247
216,North Carolina-Wilmington,30,10,20,.333,-8.62,-0.62,5,12,8,7,1,12,2066,2146,,69.7,101.9,.313,.384,.529,51.8,49.0,9.3,6.8,.501,16.1,28.4,.214
217,North Carolina,28,11,17,.393,8.81,9.67,4,13,6,8,2,8,1991,2015,,70.5,100.3,.276,.412,.523,44.8,52.9,9.8,9.1,.489,14.6,23.7,.204
218,North Dakota State,29,21,8,.724,0.84,-3.83,12,3,12,1,8,6,2145,1925,,67.8,97.5,.260,.318,.521,47.1,38.8,7.2,8.6,.491,14.2,17.7,.189
219,North Dakota,29,13,16,.448,-5.92,-1.31,7,8,8,3,4,12,2203,2174,,71.0,104.8,.276,.314,.542,48.1,43.7,9.3,8.3,.512,14.0,24.7,.202
220,North Florida,31,20,11,.645,-0.07,-2.89,13,3,12,1,7,9,2421,2255,,69.6,104.4,.273,.246,.524,50.7,52.4,8.4,9.9,.496,14.1,30.9,.192
221,North Texas,29,19,10,.655,8.12,1.79,13,3,12,3,7,5,2082,1834,,65.1,97.1,.386,.368,.524,47.8,47.4,10.5,9.9,.486,18.8,28.0,.268
222,Northeastern,29,15,14,.517,1.66,-3.51,9,8,7,5,7,7,2074,1924,,66.4,99.5,.307,.375,.547,48.8,43.3,8.0,6.9,.517,17.9,23.0,.220
223,Northern Arizona,27,16,11,.593,-3.60,-1.96,10,8,9,4,6,7,1943,1874,,67.8,101.9,.279,.365,.549,49.4,51.4,8.1,6.7,.521,17.2,25.1,.203
224,Northern Colorado,28,20,8,.714,5.88,-2.97,13,4,11,2,7,5,2093,1752,,66.0,94.0,.244,.236,.502,48.6,33.5,7.1,9.2,.474,15.6,22.6,.171
225,Northern Illinois,28,17,11,.607,-1.24,-2.28,10,5,10,3,7,8,1877,1801,,66.4,96.5,.306,.435,.501,46.7,51.4,7.7,8.6,.463,15.0,24.5,.221
226,Northern Iowa,29,24,5,.828,10.34,1.57,13,4,16,0,7,4,2204,1886,,66.0,97.3,.241,.378,.506,44.5,43.7,10.5,6.4,.482,14.0,22.4,.164
227,Northern Kentucky,29,21,8,.724,-0.24,-5.06,13,4,11,3,10,5,2104,1894,,68.6,94.4,.295,.347,.497,49.9,53.8,7.9,6.8,.467,18.1,30.4,.198
228,Northwestern State,26,12,14,.462,-11.79,-6.14,9,8,8,5,4,9,1899,1955,,74.4,100.6,.369,.354,.506,49.7,54.0,11.7,6.8,.462,15.4,32.0,.265
229,Northwestern,27,6,21,.222,4.88,10.21,1,16,4,11,1,9,1746,1890,,66.2,105.2,.288,.420,.529,53.3,64.6,7.9,9.0,.496,13.9,29.6,.210
230,Notre Dame,28,18,10,.643,10.91,5.12,9,8,14,3,4,6,2088,1926,,68.9,98.9,.187,.362,.499,50.6,51.2,8.2,9.6,.477,14.7,29.1,.131
231,Oakland,30,12,18,.400,-6.06,-2.68,7,10,7,5,3,11,2028,2098,,67.1,102.4,.251,.452,.520,49.7,58.8,9.9,8.0,.497,15.5,30.4,.170
232,Ohio State,28,19,9,.679,19.22,9.50,9,8,13,2,4,6,2017,1745,,66.8,93.3,.302,.391,.488,45.9,48.0,7.3,9.4,.456,16.1,25.5,.206
233,Ohio,28,14,14,.500,0.13,0.33,6,9,10,5,3,7,1991,1919,,69.1,99.2,.308,.394,.529,49.0,46.8,9.0,7.5,.487,16.9,25.2,.238
234,Oklahoma State,28,14,14,.500,11.01,10.76,4,11,8,6,4,7,1868,1861,,68.5,97.0,.340,.451,.509,49.6,59.7,8.8,9.3,.471,17.6,28.9,.241
235,Oklahoma,28,17,11,.607,13.22,10.51,7,8,12,2,2,8,1975,1899,,69.9,97.1,.199,.403,.495,50.9,47.0,8.9,7.0,.470,14.6,26.9,.144
236,Old Dominion,28,11,17,.393,0.05,0.47,7,8,8,4,3,10,1810,1822,,67.7,95.7,.355,.463,.516,46.7,55.2,7.0,10.2,.477,17.0,22.1,.252
237,Oral Roberts,28,15,13,.536,1.67,-1.41,8,7,12,1,3,12,2265,2072,,71.6,102.5,.298,.389,.544,47.6,50.8,6.3,8.5,.515,16.5,26.4,.212
238,Oregon State,28,15,13,.536,9.13,6.02,5,11,10,4,3,8,1994,1907,,66.8,102.0,.307,.365,.529,50.4,54.7,8.4,8.9,.494,15.9,29.1,.224
239,Oregon,29,22,7,.759,17.49,9.35,11,5,15,0,5,5,2182,1946,,66.3,98.3,.299,.409,.509,48.8,52.6,6.1,9.6,.473,17.1,31.3,.218
240,Pacific,31,22,9,.710,4.29,0.05,10,5,15,3,6,5,2175,1992,,65.9,94.8,.405,.367,.518,43.5,40.7,8.1,6.1,.475,16.6,20.0,.284
241,Penn State,28,21,7,.750,17.41,8.80,11,6,14,2,5,4,2119,1878,,71.7,93.6,.320,.328,.490,48.9,47.8,8.0,8.0,.456,16.7,27.3,.216
242,Pennsylvania,23,13,10,.565,0.36,0.32,5,5,6,3,5,6,1682,1633,,71.8,98.4,.254,.304,.499,51.6,39.4,9.8,8.2,.470,14.4,27.6,.179
243,Pepperdine,29,15,14,.517,2.59,3.01,8,7,9,4,6,7,2211,2223,,71.8,105.4,.349,.372,.561,51.4,59.3,9.1,7.4,.530,17.3,28.6,.250
244,Pittsburgh,29,15,14,.517,7.07,6.76,6,12,11,7,2,7,1883,1874,,65.6,98.1,.253,.407,.521,51.3,58.9,7.7,10.4,.494,19.9,33.9,.179
245,Portland State,29,15,14,.517,-1.97,-2.12,9,8,9,3,5,11,2273,2191,,72.6,104.1,.305,.309,.552,49.1,56.1,8.0,7.6,.521,18.2,33.3,.222
246,Portland,30,9,21,.300,-6.59,1.84,1,14,7,9,2,8,1996,2160,,70.5,101.3,.290,.405,.524,54.2,59.9,9.9,7.6,.501,16.4,30.6,.189
247,Prairie View,27,16,11,.593,-5.17,-6.81,12,2,9,0,6,10,1931,1837,,72.6,93.3,.485,.389,.530,50.6,52.1,8.0,7.9,.487,21.5,28.0,.332
248,Presbyterian,30,9,21,.300,-14.89,-6.39,6,11,6,6,3,13,2015,2200,,67.2,108.2,.367,.444,.562,49.9,53.8,10.7,9.6,.532,15.2,27.4,.256
249,Princeton,23,12,11,.522,-2.01,-1.10,7,3,6,5,4,5,1634,1608,,67.2,103.5,.269,.299,.551,49.3,41.5,9.7,10.2,.520,15.8,24.9,.202
250,Providence,28,16,12,.571,11.97,7.87,9,6,11,3,4,6,1983,1868,,69.6,95.5,.383,.370,.520,48.4,52.4,9.9,9.3,.478,19.0,28.1,.275
251,Purdue,29,15,14,.517,16.12,10.40,8,10,11,4,3,8,1969,1803,,64.5,94.3,.320,.421,.507,47.0,59.7,7.8,9.3,.470,17.9,27.1,.227
252,Quinnipiac,27,12,15,.444,-8.35,-6.27,7,10,8,5,3,9,1888,1944,,69.1,104.2,.227,.356,.517,48.8,56.1,10.0,11.3,.495,12.1,26.5,.156
253,Radford,29,20,9,.690,-1.84,-5.29,15,2,10,2,9,6,2100,1911,,65.0,101.0,.338,.454,.518,47.3,54.0,6.4,8.1,.486,14.9,26.8,.230
254,Rhode Island,27,20,7,.741,10.61,4.32,12,3,12,1,7,5,2017,1847,,72.5,93.5,.280,.383,.500,48.9,51.8,7.6,7.3,.469,18.5,28.1,.194
255,Rice,28,13,15,.464,-3.28,-0.13,5,10,7,6,4,8,2066,2090,,71.3,104.7,.275,.392,.542,50.1,48.8,8.8,9.6,.519,14.9,26.2,.188
256,Richmond,28,21,7,.750,10.21,2.60,11,4,12,2,8,3,2087,1874,,69.1,96.0,.297,.406,.510,51.6,46.6,8.4,8.6,.479,17.8,27.2,.207
257,Rider,27,15,12,.556,-3.97,-5.23,9,8,9,1,4,11,1937,1903,,71.8,98.2,.292,.451,.529,46.5,53.5,9.5,9.3,.503,16.9,23.7,.199
258,Robert Morris,30,16,14,.533,-5.93,-6.34,12,5,8,3,7,11,2073,2021,,67.6,99.7,.310,.366,.543,50.4,52.2,9.2,10.4,.512,19.3,28.5,.222
259,Rutgers,29,18,11,.621,15.32,9.35,9,9,17,1,1,8,2019,1807,,67.8,91.5,.278,.408,.484,45.9,54.7,8.2,8.6,.450,17.0,25.3,.197
260,Sacramento State,27,15,12,.556,-1.67,-2.59,8,10,10,3,4,9,1690,1582,,64.3,91.1,.324,.293,.505,47.1,49.2,8.1,7.3,.459,19.9,25.4,.249
261,Sacred Heart,30,18,12,.600,-4.65,-7.61,11,6,7,4,10,7,2211,2081,,70.4,98.6,.228,.338,.492,46.2,55.3,9.6,10.0,.466,14.0,29.0,.158
262,Saint Francis (PA),28,20,8,.714,-2.20,-6.65,13,4,11,2,8,6,2179,2010,,70.8,100.9,.292,.389,.540,47.3,49.7,8.3,8.0,.509,17.5,27.6,.210
263,Saint Joseph's,28,5,23,.179,-5.56,5.69,1,14,3,9,2,11,1915,2230,,71.5,110.9,.327,.342,.560,51.9,51.0,9.8,13.9,.528,12.6,28.0,.237
264,Saint Louis,28,20,8,.714,8.28,2.91,9,6,14,3,4,4,2010,1852,,68.7,95.0,.362,.400,.510,45.7,49.4,9.7,8.3,.472,17.3,24.9,.252
265,Saint Mary's (CA),30,24,6,.800,12.49,3.80,11,4,14,3,6,2,2277,1974,,65.0,98.8,.267,.320,.528,47.9,38.2,6.1,8.6,.500,15.7,23.1,.190
266,Saint Peter's,27,15,12,.556,-3.67,-5.93,12,6,10,3,5,9,1797,1736,,68.7,93.2,.405,.361,.508,46.2,53.8,11.3,13.1,.463,19.1,27.5,.286
267,Sam Houston State,29,18,11,.621,-4.47,-6.91,11,7,12,3,6,8,2300,2103,,74.7,95.1,.425,.424,.535,50.3,53.8,9.0,7.7,.485,21.6,28.6,.316
268,Samford,31,9,22,.290,-12.94,-0.51,3,14,6,8,3,14,2286,2537,,74.4,109.1,.244,.446,.556,51.8,61.5,10.4,8.5,.538,16.2,32.9,.166
269,San Diego State,28,27,1,.964,18.90,3.42,16,1,14,1,10,0,2102,1640,,66.4,88.2,.302,.413,.478,47.1,52.0,8.2,5.7,.437,18.8,25.7,.217
270,San Diego,30,9,21,.300,-2.99,4.70,2,13,6,8,3,10,1976,2173,,71.2,100.6,.304,.324,.532,50.9,47.9,9.6,8.4,.502,16.0,26.7,.213
271,San Francisco,30,19,11,.633,7.56,3.73,8,7,12,5,6,6,2246,2084,,69.8,98.3,.306,.295,.537,47.7,43.0,8.8,9.0,.505,17.1,23.1,.221
272,San Jose State,29,7,22,.241,-7.19,5.13,3,14,6,9,1,12,2032,2352,,74.1,109.0,.341,.346,.561,53.7,63.8,9.8,7.6,.534,15.2,29.8,.235
273,Santa Clara,30,18,12,.600,2.29,1.11,5,10,15,5,3,7,2276,2151,,73.0,97.8,.379,.322,.519,51.2,50.3,9.3,7.9,.478,16.9,26.8,.269
274,Seattle,28,14,14,.500,-4.07,-4.07,7,6,9,4,3,9,2090,2022,,71.6,99.0,.400,.356,.524,50.9,49.4,7.4,8.1,.477,16.6,27.2,.293
275,Seton Hall,27,20,7,.741,17.25,9.32,12,3,11,3,7,3,2016,1802,,71.7,93.1,.333,.330,.483,49.6,48.0,9.3,9.0,.441,17.3,30.6,.236
276,Siena,26,16,10,.615,-1.81,-5.05,12,5,13,0,3,10,1889,1805,,67.8,100.8,.285,.351,.531,47.0,44.5,7.9,9.8,.496,15.9,25.5,.213
277,South Alabama,29,18,11,.621,-0.54,-1.00,11,7,9,5,7,5,2073,1975,,67.4,100.6,.263,.460,.530,50.6,56.3,7.9,10.1,.504,17.8,30.0,.184
278,South Carolina State,26,11,15,.423,-15.32,-8.53,6,8,8,3,3,12,1827,1951,,69.3,106.7,.349,.358,.546,48.9,45.2,7.9,8.2,.519,14.7,28.2,.236
279,South Carolina Upstate,30,11,19,.367,-13.42,-5.64,6,11,8,6,3,13,2057,2216,,69.6,106.1,.404,.396,.567,52.0,47.8,8.4,8.3,.528,17.1,27.8,.295
280,South Carolina,28,17,11,.607,10.34,6.05,9,6,11,5,6,4,2032,1912,,72.3,94.0,.513,.400,.511,48.3,54.7,8.4,8.6,.449,19.1,27.9,.373
281,South Dakota State,31,22,9,.710,2.74,-4.12,13,3,16,0,6,9,2419,2179,,69.7,99.6,.258,.373,.503,46.8,42.8,9.2,8.5,.477,13.8,27.0,.176
282,South Dakota,30,19,11,.633,-1.54,-3.54,9,6,12,2,5,8,2399,2233,,71.5,104.1,.308,.347,.550,49.2,42.2,7.3,6.7,.517,14.4,21.6,.228
283,South Florida,28,12,16,.429,4.99,4.84,5,10,9,6,2,6,1751,1747,,65.4,94.5,.338,.401,.540,47.7,50.5,10.1,9.3,.510,21.0,24.6,.233
284,Southeast Missouri State,30,7,23,.233,-14.28,-5.00,3,14,6,7,0,15,1976,2220,,68.8,107.1,.329,.369,.564,52.1,56.5,8.1,9.1,.538,16.1,27.8,.229
285,Southeastern Louisiana,28,6,22,.214,-16.57,-5.05,3,14,4,8,2,13,1924,2193,,73.7,104.8,.401,.362,.579,54.0,56.8,10.0,8.0,.539,20.5,33.0,.300
286,Southern California,29,20,9,.690,11.31,7.14,9,7,12,2,5,6,2054,1933,,70.2,93.7,.276,.392,.482,47.9,51.3,11.1,7.5,.450,15.8,28.4,.191
287,SIU Edwardsville,30,8,22,.267,-13.87,-5.77,5,12,4,9,4,13,2021,2191,,70.3,103.8,.407,.410,.546,51.1,61.2,8.6,8.1,.502,16.7,29.5,.299
288,Southern Illinois,30,16,14,.533,0.42,-0.03,10,7,12,3,3,9,1884,1843,,64.0,95.6,.235,.349,.504,53.6,53.1,9.8,10.1,.480,17.9,29.6,.160
289,Southern Methodist,27,19,8,.704,8.25,3.00,9,6,15,1,4,7,2008,1866,,66.5,101.6,.280,.425,.530,46.4,60.0,10.5,9.2,.497,16.4,28.2,.207
290,Southern Mississippi,28,9,19,.321,-5.31,3.29,5,10,8,6,1,10,1872,2030,,68.8,104.9,.334,.463,.546,48.9,52.7,10.7,6.3,.510,15.8,27.4,.246
291,Southern Utah,28,14,14,.500,0.01,-1.61,7,10,8,5,5,9,2017,1845,,70.6,92.1,.353,.351,.490,46.4,49.2,8.1,10.6,.445,15.7,23.0,.254
292,Southern,28,13,15,.464,-10.83,-8.99,10,5,8,1,4,14,1918,1883,,69.3,96.6,.472,.326,.528,47.5,42.8,8.6,8.1,.485,17.9,25.9,.323
293,St. Bonaventure,28,18,10,.643,3.94,1.72,10,5,8,5,7,5,1940,1855,,66.1,99.4,.322,.452,.521,47.4,60.6,8.0,7.9,.491,16.3,26.4,.219
294,St. Francis (NY),29,12,17,.414,-11.43,-7.11,6,11,9,5,3,12,2025,2082,,70.9,100.8,.365,.330,.531,51.0,46.2,7.6,7.5,.495,16.9,28.5,.255
295,St. John's (NY),28,14,14,.500,9.89,6.89,3,12,11,6,1,7,2078,1994,,74.7,95.3,.370,.423,.513,51.3,58.5,7.0,9.6,.479,19.8,31.2,.250
296,Stanford,28,19,9,.679,14.38,5.70,8,7,13,4,4,4,1968,1725,,68.9,88.6,.318,.377,.481,50.9,46.6,9.0,11.4,.445,19.6,27.9,.217
297,Stephen F. Austin,28,25,3,.893,3.73,-7.11,16,1,14,1,11,2,2259,1872,,74.8,89.0,.457,.392,.541,44.4,54.6,10.3,8.4,.494,26.3,26.4,.330
298,Stetson,30,15,15,.500,-10.39,-5.43,9,6,7,6,7,8,1907,1976,,64.7,101.4,.299,.483,.523,48.1,61.5,8.7,9.0,.496,15.9,28.3,.203
299,Stony Brook,29,18,11,.621,-1.50,-4.07,9,5,9,4,7,7,2030,1911,,70.6,92.6,.271,.419,.487,48.1,57.6,9.0,8.8,.456,16.7,27.2,.188
300,Syracuse,28,16,12,.571,12.28,7.35,9,8,11,6,5,4,2069,1931,,68.5,100.2,.314,.481,.518,50.7,72.5,9.0,8.0,.481,17.2,31.6,.229
301,Temple,28,14,14,.500,6.94,5.87,6,9,8,5,4,7,1945,1915,,71.4,94.6,.289,.422,.501,50.4,56.8,9.3,10.7,.466,16.6,26.5,.208
302,Tennessee-Martin,28,8,20,.286,-14.43,-3.86,4,13,5,6,2,12,2107,2304,,70.1,117.0,.270,.416,.593,52.0,60.5,9.4,8.5,.576,15.3,34.5,.186
303,Tennessee State,30,17,13,.567,-6.52,-5.49,9,8,11,2,4,11,2168,2148,,70.9,100.6,.376,.373,.517,46.3,44.4,9.2,7.7,.473,15.2,27.5,.273
304,Tennessee Tech,30,9,21,.300,-13.72,-4.58,6,11,6,8,3,11,1962,2166,,69.0,103.8,.266,.377,.554,50.5,59.6,10.2,9.5,.531,17.5,27.9,.188
305,Tennessee,28,15,13,.536,11.07,7.57,7,8,10,5,3,7,1872,1774,,66.8,94.8,.357,.343,.491,48.7,45.2,11.6,8.9,.449,16.8,29.6,.251
306,Texas A&M-Corpus Christi,28,11,17,.393,-10.97,-5.74,7,10,7,6,4,11,1814,1912,,68.1,100.2,.400,.353,.525,48.4,53.7,12.5,10.8,.478,16.6,28.6,.293
307,Texas A&M,27,14,13,.519,3.93,6.08,8,7,10,6,4,3,1689,1747,,65.7,98.0,.259,.496,.521,50.6,64.4,10.2,12.0,.488,19.6,32.3,.194
308,Texas-Arlington,29,13,16,.448,2.86,2.56,9,9,8,6,5,9,2034,1975,,69.3,98.2,.345,.363,.503,50.7,53.4,7.3,9.1,.468,15.5,28.5,.235
309,Texas Christian,28,15,13,.536,9.27,9.09,6,9,13,4,1,8,1827,1801,,65.6,96.7,.302,.343,.519,48.4,64.6,9.2,12.2,.494,18.8,28.9,.198
310,Texas-El Paso,28,14,14,.500,-1.27,0.17,5,10,12,4,1,9,1867,1846,,69.1,95.0,.340,.370,.511,50.5,45.9,8.7,7.5,.473,17.8,25.8,.240
311,Texas-Rio Grande Valley,28,12,16,.429,-7.66,-3.58,7,7,10,3,2,11,2022,1987,,70.7,99.4,.432,.353,.564,51.0,60.0,8.0,5.6,.525,21.7,28.1,.308
312,Texas-San Antonio,28,12,16,.429,-2.47,0.57,6,9,9,4,3,8,2190,2166,,74.0,102.7,.375,.398,.541,49.4,47.0,7.6,9.5,.507,16.3,25.9,.261
313,Texas Southern,27,13,14,.481,-10.19,-4.46,10,4,8,1,5,13,1948,2059,,74.4,101.1,.334,.359,.531,49.6,52.6,9.9,9.2,.496,17.0,30.2,.240
314,Texas State,29,19,10,.655,5.47,-0.31,12,6,14,3,5,7,2113,1847,,67.5,94.3,.378,.378,.510,49.9,51.0,7.5,8.1,.465,19.4,29.9,.271
315,Texas Tech,28,18,10,.643,17.32,7.39,9,6,13,2,3,6,2042,1764,,68.8,90.3,.356,.355,.500,49.6,44.7,8.9,9.4,.458,20.7,28.7,.249
316,Texas,28,17,11,.607,10.60,9.24,7,8,11,5,4,5,1810,1772,,66.3,95.5,.348,.274,.498,52.7,43.3,9.7,9.5,.466,18.0,33.0,.227
317,Toledo,28,14,14,.500,1.23,-1.48,6,9,7,6,7,8,2112,1980,,69.6,101.1,.265,.372,.511,48.5,45.7,9.8,9.1,.481,14.6,28.5,.187
318,Towson,30,18,12,.600,0.44,-1.52,11,6,9,5,7,4,2121,1981,,65.9,99.3,.306,.432,.513,45.9,52.9,7.2,7.2,.474,14.6,26.3,.226
319,Troy,29,9,20,.310,-8.79,-1.60,5,13,6,8,3,12,2004,2120,,71.1,102.0,.378,.395,.539,50.8,55.6,9.3,10.6,.504,17.7,30.1,.265
320,Tulane,28,12,16,.429,0.43,2.82,4,12,7,5,3,7,1907,1974,,69.2,101.4,.287,.442,.555,55.3,63.1,7.3,8.5,.531,20.0,30.1,.198
321,Tulsa,28,19,9,.679,7.91,3.09,11,4,14,2,5,6,1920,1785,,67.1,93.4,.281,.459,.497,49.7,53.2,10.7,9.8,.464,18.5,28.5,.200
322,UCLA,29,18,11,.621,9.33,7.72,11,5,12,4,5,4,2032,1961,,66.7,100.5,.358,.380,.540,45.4,46.8,8.6,8.2,.500,17.3,25.2,.264
323,Utah State,30,23,7,.767,14.37,3.84,12,5,15,1,4,5,2313,1905,,69.2,90.6,.262,.421,.486,43.4,46.9,9.4,9.0,.456,16.5,21.1,.181
324,Utah Valley,29,11,18,.379,-7.19,-4.15,5,9,6,6,5,12,2054,2070,,71.6,98.9,.334,.295,.516,50.4,47.6,8.2,10.5,.473,15.4,25.9,.249
325,Utah,28,15,13,.536,8.66,7.73,6,10,11,2,1,9,1977,1951,,68.1,101.4,.219,.356,.527,48.1,50.3,9.7,11.2,.502,15.9,26.8,.159
326,Valparaiso,30,16,14,.533,1.94,1.08,9,8,11,2,4,9,2185,2133,,70.1,100.2,.310,.349,.544,51.0,52.1,9.0,7.9,.516,18.4,27.3,.215
327,Vanderbilt,28,9,19,.321,2.99,5.92,1,14,9,10,0,8,1992,2074,,69.7,105.3,.370,.327,.561,53.1,49.5,7.9,12.5,.524,17.5,29.1,.272
328,Vermont,29,22,7,.759,6.21,-4.18,12,2,10,3,11,3,2040,1700,,66.4,88.3,.307,.404,.478,46.9,50.9,8.8,8.0,.438,17.4,23.3,.219
329,Villanova,28,22,6,.786,17.29,9.72,11,4,12,2,7,3,2066,1854,,67.7,97.3,.231,.313,.506,48.6,47.1,8.5,10.9,.480,14.9,24.4,.162
330,Virginia Commonwealth,28,17,11,.607,9.85,4.07,7,8,13,3,4,6,1976,1814,,69.9,92.7,.348,.343,.515,51.8,52.1,9.6,9.0,.477,21.6,30.0,.246
331,VMI,30,8,22,.267,-6.79,-2.16,3,14,5,10,2,11,2149,2114,,67.7,102.3,.380,.402,.538,50.2,54.4,7.9,9.5,.500,16.7,27.8,.271
332,Virginia Tech,28,15,13,.536,8.76,5.19,6,11,11,6,3,5,1960,1860,,66.2,97.7,.258,.426,.509,51.5,53.3,5.8,10.8,.483,15.5,24.9,.176
333,Virginia,27,20,7,.741,11.60,6.67,12,5,12,3,6,4,1556,1423,,60.2,86.3,.223,.427,.462,47.1,47.7,11.1,7.9,.435,17.1,23.3,.152
334,Wagner,28,8,20,.286,-14.27,-5.49,5,12,5,7,3,13,1923,2130,,69.1,108.6,.451,.412,.574,50.1,59.8,9.8,8.8,.537,16.4,28.8,.319
335,Wake Forest,27,12,15,.444,7.48,8.11,5,12,8,5,1,9,1973,1990,,70.8,102.2,.363,.360,.525,48.3,49.3,10.3,9.9,.487,14.0,26.2,.255
336,Washington State,28,14,14,.500,4.39,3.75,5,10,11,5,1,7,1939,1921,,70.3,96.7,.305,.317,.532,50.8,44.5,7.3,9.6,.504,19.0,25.3,.209
337,Washington,28,13,15,.464,12.17,7.49,3,12,10,6,1,7,1956,1825,,69.7,92.7,.300,.379,.474,50.4,59.9,9.6,5.7,.435,16.4,32.0,.213
338,Weber State,27,11,16,.407,-8.00,0.29,7,9,8,4,3,8,1877,1909,,68.7,101.9,.230,.336,.531,52.1,52.1,8.6,7.2,.508,15.4,26.4,.163
339,West Virginia,28,19,9,.679,18.69,10.22,7,8,13,1,3,8,1964,1727,,69.6,88.2,.376,.373,.485,44.5,47.8,10.7,7.9,.437,20.0,27.7,.268
340,Western Carolina,28,18,10,.643,-0.14,-2.10,10,7,10,4,8,6,2232,2096,,72.8,101.9,.305,.413,.529,46.4,45.2,9.1,11.2,.496,14.9,24.4,.220
341,Western Illinois,25,5,20,.200,-14.32,-2.84,2,13,4,10,1,10,1871,2057,,73.1,111.5,.336,.353,.581,53.0,42.0,6.6,6.5,.547,14.0,24.9,.251
342,Western Kentucky,28,19,9,.679,4.39,0.91,12,4,12,2,5,5,2134,1997,,69.9,100.3,.199,.379,.520,51.7,46.5,7.8,8.2,.497,16.7,30.6,.144
343,Western Michigan,28,11,17,.393,-5.95,-0.03,4,11,8,5,3,10,1937,2022,,68.9,103.5,.310,.379,.527,51.8,48.0,8.9,8.5,.497,14.4,28.7,.215
344,Wichita State,28,21,7,.750,13.47,5.18,9,6,16,2,4,4,2022,1790,,71.1,89.1,.394,.347,.488,47.1,45.8,8.9,10.7,.442,18.5,24.5,.275
345,William & Mary,30,20,10,.667,-2.07,-2.69,12,5,10,2,10,7,2139,2061,,68.1,100.9,.266,.341,.514,47.0,44.3,10.0,8.5,.483,12.9,23.2,.191
346,Winthrop,30,20,10,.667,0.77,-5.73,14,3,10,4,10,6,2421,2151,,72.4,97.8,.420,.382,.535,45.1,51.5,9.0,9.5,.502,18.2,24.3,.280
347,Wisconsin,28,18,10,.643,15.57,10.78,11,6,13,1,5,6,1888,1754,,64.5,96.7,.247,.329,.498,50.3,47.9,8.0,9.6,.470,15.0,25.9,.172
348,Wofford,30,16,14,.533,0.24,-1.65,8,9,10,5,6,9,2176,2054,,67.2,100.6,.316,.429,.541,50.5,51.7,8.8,8.1,.510,16.9,26.1,.223
349,Wright State,30,24,6,.800,3.06,-6.77,14,3,14,2,8,3,2460,2129,,73.3,95.6,.261,.327,.497,47.9,40.4,8.5,6.7,.466,16.8,29.1,.186
350,Wyoming,29,7,22,.241,-4.31,4.47,2,15,4,13,3,7,1779,2011,,67.1,102.0,.348,.418,.534,56.5,49.0,9.2,8.5,.502,16.6,28.3,.240
351,Xavier,28,18,10,.643,12.94,9.11,7,8,12,4,4,5,1983,1876,,69.3,94.6,.289,.364,.492,47.5,50.1,9.8,8.9,.455,16.0,27.1,.208
352,Yale,26,20,6,.769,7.57,-1.81,8,2,8,1,10,5,2006,1674,,68.3,90.8,.260,.398,.482,45.0,51.3,9.5,8.7,.447,15.4,21.3,.188
353,Youngstown State,30,16,14,.533,-5.77,-4.77,9,8,12,4,4,10,2204,2158,,68.9,103.1,.301,.328,.528,47.0,49.4,8.0,8.5,.498,14.9,28.8,.210
