,,Overall,Overall,Overall,Overall,Overall,Overall,Conf.,Conf.,Home,Home,Away,Away,Points,Points,,School Advanced,School Advanced,School Advanced,School Advanced,School Advanced,School Advanced,School Advanced,School Advanced,School Advanced,School Advanced,School Advanced,School Advanced,School Advanced
Rk,School,G,W,L,W-L%,SRS,SOS,W,L,W,L,W,L,Tm.,Opp.,,Pace,ORtg,FTr,3PAr,TS%,TRB%,AST%,STL%,BLK%,eFG%,TOV%,ORB%,FT/FGA
1,Abilene Christian,28,18,10,.643,-2.34,-6.71,13,4,12,2,6,8,2134,1809,,71.3,105.5,.385,.377,.552,50.3,56.9,13.0,8.0,.509,17.1,30.8,.288
2,Air Force,29,11,18,.379,-0.74,2.34,5,12,8,7,3,8,2127,2156,,69.4,105.7,.367,.413,.566,50.1,58.9,7.1,5.0,.530,16.1,22.7,.268
3,Akron,28,21,7,.750,6.85,-0.69,11,4,13,2,7,4,2109,1846,,70.5,106.8,.338,.441,.558,50.6,51.6,7.1,7.5,.518,16.1,28.3,.259
4,Alabama A&M,25,7,18,.280,-18.45,-8.89,4,10,5,4,2,13,1556,1795,,69.3,89.4,.321,.329,.463,47.4,48.1,8.4,5.6,.425,15.3,24.9,.218
5,Alabama-Birmingham,29,17,12,.586,-0.93,-1.45,8,8,10,6,5,6,1949,1890,,67.0,100.4,.352,.299,.535,55.1,42.7,8.9,8.5,.503,19.1,32.5,.244
6,Alabama State,27,8,19,.296,-15.64,-6.08,7,7,4,3,2,13,1664,1922,,70.4,87.5,.361,.388,.481,47.1,46.1,8.6,5.3,.450,19.5,25.1,.225
7,Alabama,28,15,13,.536,12.32,8.17,7,8,9,4,4,7,2323,2207,,76.6,106.4,.350,.487,.556,50.0,51.9,8.2,10.8,.527,16.7,29.7,.242
8,Albany (NY),29,14,15,.483,-8.75,-6.61,7,7,7,6,5,9,1943,1977,,70.1,95.2,.355,.436,.521,50.1,56.7,7.9,8.2,.483,17.8,24.3,.250
9,Alcorn State,26,13,13,.500,-15.27,-9.68,9,6,9,1,4,12,1972,1910,,72.7,103.4,.285,.403,.537,51.3,51.1,11.2,8.2,.503,16.9,30.7,.213
10,American,28,15,13,.536,-4.90,-5.82,11,6,10,3,5,10,2000,1974,,68.9,103.1,.283,.348,.543,48.3,47.9,11.1,9.1,.517,15.9,26.4,.199
11,Appalachian State,29,16,13,.552,-0.22,0.16,10,8,9,4,6,8,1980,1931,,68.3,99.5,.383,.392,.525,50.1,49.8,10.9,6.8,.493,16.9,27.7,.255
12,Arizona State,28,19,9,.679,11.85,7.85,10,5,12,2,6,4,2061,1949,,73.5,100.2,.323,.360,.524,48.9,41.2,10.6,9.5,.493,15.9,26.5,.222
13,Arizona,28,19,9,.679,20.27,8.20,9,6,12,3,4,5,2158,1820,,70.0,109.1,.371,.346,.550,52.8,56.9,9.6,10.7,.510,14.1,30.8,.273
14,Little Rock,29,20,9,.690,2.31,-1.16,14,4,12,2,8,7,2109,1994,,69.9,104.0,.436,.330,.564,52.1,58.8,9.9,10.4,.525,19.4,30.9,.312
15,Arkansas-Pine Bluff,27,4,23,.148,-20.84,-5.26,3,12,2,7,2,16,1442,1839,,67.2,79.1,.364,.289,.462,48.7,48.6,10.8,10.2,.435,23.0,27.3,.213
16,Arkansas State,30,15,15,.500,-2.77,-0.63,7,12,10,7,5,8,2120,2153,,68.2,102.8,.484,.316,.540,49.3,60.4,9.7,7.8,.492,16.5,28.9,.344
17,Arkansas,28,18,10,.643,14.08,7.15,6,9,13,4,4,6,2083,1889,,71.1,102.9,.404,.388,.544,45.3,46.0,11.5,9.7,.501,14.7,21.7,.295
18,Army,28,15,13,.536,-8.32,-6.88,10,7,9,5,6,8,1995,1997,,69.8,101.2,.264,.373,.548,49.0,59.3,8.0,4.7,.536,15.4,19.8,.163
19,Auburn,28,24,4,.857,14.92,6.88,11,4,16,0,4,4,2193,1968,,70.5,108.2,.449,.431,.534,53.7,48.8,8.9,13.0,.498,15.0,35.6,.302
20,Austin Peay,30,20,10,.667,-0.45,-4.48,14,3,14,0,5,9,2321,2146,,70.0,110.1,.373,.337,.556,52.4,48.7,9.5,8.6,.519,15.6,33.8,.272
21,Ball State,28,16,12,.571,3.60,-1.62,9,6,10,4,4,6,1932,1747,,69.2,99.6,.296,.476,.532,50.6,56.5,10.0,8.9,.506,16.8,25.4,.201
22,Baylor,27,25,2,.926,21.14,8.48,14,1,13,1,8,0,1927,1585,,66.6,107.1,.305,.375,.528,53.1,55.1,11.9,12.8,.498,14.9,35.9,.213
23,Belmont,30,23,7,.767,4.53,-6.47,14,3,13,1,10,5,2419,2051,,73.1,110.3,.229,.441,.577,50.5,62.0,10.5,7.9,.558,14.6,25.1,.162
24,Bethune-Cookman,28,15,13,.536,-9.95,-8.71,9,5,9,1,4,12,2099,2026,,75.5,98.9,.384,.313,.517,50.6,46.2,9.4,7.3,.476,17.7,30.7,.272
25,Binghamton,28,10,18,.357,-14.60,-4.52,4,11,7,7,3,11,1944,2132,,69.4,99.5,.233,.481,.517,47.3,48.6,7.4,8.0,.490,15.7,25.9,.169
26,Boise State,30,19,11,.633,8.52,3.79,11,7,13,2,4,8,2295,2081,,70.3,106.6,.357,.425,.564,51.4,50.3,8.2,4.0,.526,15.6,25.2,.268
27,Boston College,29,13,16,.448,2.35,7.18,7,11,8,9,4,7,1876,2016,,69.3,93.0,.292,.390,.493,46.6,53.4,11.6,7.3,.465,16.9,25.4,.194
28,Boston University,30,17,13,.567,-1.76,-5.14,11,6,9,3,8,8,2139,2013,,67.0,105.1,.269,.345,.534,52.1,46.2,8.2,5.8,.514,14.6,29.6,.177
29,Bowling Green State,28,21,7,.750,1.74,0.05,12,3,13,1,5,3,2102,2015,,71.4,104.3,.284,.362,.519,51.4,46.2,7.6,6.3,.483,12.8,28.5,.211
30,Bradley,30,20,10,.667,4.73,0.00,11,6,15,1,4,8,2152,1982,,67.6,105.3,.324,.315,.533,53.6,52.3,7.0,11.5,.497,15.1,32.0,.236
31,Brigham Young,30,23,7,.767,17.13,6.48,12,3,14,1,5,5,2417,2073,,70.0,113.7,.240,.422,.607,49.5,58.7,8.2,5.5,.592,14.2,20.4,.170
32,Brown,23,13,10,.565,-4.83,-1.87,6,4,10,2,3,8,1558,1597,,70.8,95.6,.333,.373,.501,53.1,49.5,9.1,11.5,.461,18.8,33.5,.238
33,Bryant,30,14,16,.467,-6.43,-6.57,6,11,9,5,5,11,2130,2077,,70.7,100.0,.303,.432,.514,51.7,54.4,9.4,11.3,.485,17.2,31.3,.205
34,Bucknell,30,12,18,.400,-7.89,-3.96,8,9,8,4,3,12,2038,2156,,70.4,96.5,.288,.424,.518,48.1,50.7,9.9,9.8,.488,17.0,24.8,.201
35,Buffalo,28,18,10,.643,2.42,0.08,9,6,9,5,6,4,2201,2101,,74.8,104.2,.270,.381,.519,53.1,52.1,10.7,10.8,.495,15.7,35.8,.181
36,Butler,28,19,9,.679,14.79,9.15,7,8,12,3,4,6,1916,1758,,64.6,105.4,.301,.365,.553,53.3,51.3,7.8,7.8,.522,15.4,28.9,.220
37,Cal Poly,28,7,21,.250,-10.02,-0.06,4,10,7,6,0,13,1887,2099,,68.9,95.3,.352,.337,.514,46.9,43.7,9.0,6.9,.479,17.1,22.7,.242
38,Cal State Bakersfield,29,12,17,.414,-6.78,-3.36,6,8,9,6,3,11,2002,1971,,66.3,101.9,.321,.269,.515,54.8,46.0,9.4,10.3,.483,17.1,36.2,.221
39,Cal State Fullerton,28,10,18,.357,-6.85,-0.93,5,8,5,8,4,9,1907,1990,,69.1,96.4,.379,.339,.524,48.0,47.7,7.3,7.6,.490,16.9,22.0,.257
40,Cal State Northridge,29,12,17,.414,-7.53,-1.05,7,6,8,4,4,12,2178,2284,,71.3,105.3,.309,.347,.547,47.1,51.9,8.1,8.2,.515,14.3,25.0,.224
41,California Baptist,28,20,8,.714,-0.53,-7.23,9,4,14,5,6,3,2251,1921,,71.0,112.8,.347,.437,.572,54.8,53.8,6.1,9.2,.531,15.1,32.2,.271
42,UC-Davis,29,13,16,.448,-4.46,-2.39,7,6,7,3,5,11,2127,2077,,68.6,106.1,.327,.367,.575,48.3,49.3,8.3,5.2,.535,16.7,23.5,.257
43,UC-Irvine,30,20,10,.667,4.00,-2.00,12,2,10,1,8,8,2228,1957,,69.3,107.1,.289,.296,.558,56.7,52.9,9.4,9.9,.527,17.3,34.8,.215
44,UC-Riverside,30,15,15,.500,-3.91,-4.09,5,9,10,5,5,10,1944,1835,,64.6,99.8,.271,.427,.535,54.2,53.1,7.8,6.9,.510,17.8,27.8,.187
45,UC-Santa Barbara,28,19,9,.679,-0.07,-4.23,8,5,11,3,8,6,2013,1865,,64.8,110.4,.366,.352,.567,53.9,54.9,7.1,7.4,.527,15.6,32.2,.278
46,University of California,28,12,16,.429,3.26,8.76,6,9,11,5,1,8,1762,1916,,65.9,94.6,.355,.284,.514,49.3,41.1,6.0,6.7,.472,17.4,24.5,.258
47,Campbell,29,14,15,.483,-8.51,-7.88,5,12,7,5,6,9,1984,1924,,67.1,101.5,.257,.417,.555,47.1,59.6,11.1,8.5,.529,17.1,22.3,.188
48,Canisius,28,10,18,.357,-7.85,-5.06,5,12,6,5,3,12,1916,1994,,70.4,97.3,.298,.349,.519,48.5,55.7,10.0,6.9,.489,18.3,28.7,.209
49,Central Arkansas,28,10,18,.357,-10.40,-1.77,9,8,8,3,2,14,2096,2309,,76.1,95.8,.406,.404,.525,50.3,58.1,6.9,12.5,.481,19.8,28.2,.290
50,Central Connecticut State,30,4,26,.133,-20.42,-4.38,3,14,4,8,0,16,1880,2311,,70.4,89.0,.290,.318,.484,44.5,44.8,9.1,9.3,.454,17.9,23.2,.193
51,Central Florida,27,14,13,.519,4.28,4.06,5,10,8,6,4,6,1858,1852,,69.2,98.6,.305,.374,.518,49.2,53.4,9.2,8.1,.486,17.2,29.0,.216
52,Central Michigan,28,13,15,.464,-2.88,-0.20,6,9,11,4,2,11,2225,2149,,75.4,105.0,.342,.375,.536,49.2,41.8,12.1,7.0,.498,14.8,28.3,.250
53,Charleston Southern,29,13,16,.448,-13.19,-6.64,7,10,8,6,5,9,2009,2102,,69.0,99.2,.269,.423,.527,46.5,53.3,8.7,6.6,.496,16.3,23.2,.197
54,Charlotte,26,15,11,.577,1.20,-1.49,9,6,12,1,3,10,1771,1701,,67.2,99.9,.381,.370,.559,50.2,52.5,11.2,10.4,.527,18.7,21.2,.268
55,Chattanooga,30,18,12,.600,-0.24,-2.41,9,8,9,4,7,8,2188,2049,,68.5,106.1,.290,.421,.551,51.8,53.9,6.9,3.8,.524,15.3,27.0,.206
56,Chicago State,28,4,24,.143,-28.14,-2.66,0,13,3,11,1,11,1723,2292,,70.5,87.2,.403,.348,.512,46.0,50.3,7.2,7.4,.466,22.7,22.9,.290
57,Cincinnati,27,18,9,.667,12.66,6.44,11,4,12,2,4,5,1984,1816,,69.4,102.1,.387,.361,.536,53.1,58.3,9.3,12.5,.504,17.6,32.0,.262
58,Citadel,28,6,22,.214,-13.47,-1.27,0,17,3,11,3,11,2110,2258,,76.0,97.9,.305,.472,.538,47.2,55.3,8.9,7.7,.511,18.0,23.1,.210
59,Clemson,27,14,13,.519,10.58,7.50,8,9,10,5,3,7,1803,1720,,66.5,99.0,.286,.464,.530,49.5,55.8,10.1,7.9,.505,16.7,23.6,.194
60,Cleveland State,30,11,19,.367,-10.75,-2.41,7,10,6,8,3,11,1927,2144,,68.8,92.6,.402,.231,.495,49.1,51.5,11.3,7.8,.456,19.3,31.9,.268
61,Coastal Carolina,29,14,15,.483,-0.73,-0.28,7,11,9,9,5,5,2260,2201,,74.1,105.1,.354,.360,.542,54.1,48.9,10.4,9.2,.509,18.4,35.9,.250
62,Colgate,30,22,8,.733,0.60,-5.37,13,4,12,1,9,7,2264,2052,,69.2,108.7,.252,.463,.557,50.4,52.4,8.7,8.2,.529,14.3,26.8,.188
63,College of Charleston,29,16,13,.552,0.85,-0.72,10,7,9,5,6,6,2034,1964,,67.2,104.5,.330,.395,.547,47.4,44.6,9.8,7.2,.507,14.5,22.6,.252
64,Colorado State,30,19,11,.633,7.11,4.42,10,7,11,4,5,6,2256,2153,,69.7,106.1,.392,.390,.567,51.6,58.2,9.3,5.7,.540,16.5,26.0,.264
65,Colorado,29,21,8,.724,16.38,8.28,10,6,13,3,4,5,2064,1829,,67.9,104.3,.370,.387,.550,54.4,56.4,8.3,7.9,.510,17.0,31.0,.273
66,Columbia,26,6,20,.231,-9.12,-3.00,1,9,5,5,0,14,1739,1862,,69.6,94.8,.229,.383,.503,47.5,45.3,7.7,8.4,.474,15.3,20.7,.168
67,Connecticut,28,16,12,.571,10.62,5.30,7,8,13,3,1,7,2017,1868,,69.0,100.7,.330,.355,.515,51.7,51.3,10.0,15.5,.475,17.0,33.4,.242
68,Coppin State,29,9,20,.310,-14.41,-7.55,5,9,5,5,4,15,1974,2173,,74.0,91.2,.318,.475,.490,47.9,42.1,8.6,7.4,.463,17.1,23.9,.202
69,Cornell,23,6,17,.261,-8.28,-2.04,3,7,6,4,0,13,1541,1603,,66.1,99.8,.273,.403,.523,48.1,58.6,10.3,8.0,.495,15.3,26.0,.191
70,Creighton,28,22,6,.786,17.43,9.39,11,4,15,1,6,4,2189,1935,,70.3,110.7,.298,.420,.580,48.7,56.7,9.5,6.2,.552,14.3,23.4,.220
71,Dartmouth,25,10,15,.400,-4.53,-3.07,3,7,6,4,3,10,1617,1603,,66.7,96.0,.260,.383,.522,51.0,50.7,7.2,8.4,.499,16.7,21.0,.176
72,Davidson,27,15,12,.556,9.42,2.79,9,6,10,1,4,7,1977,1798,,65.7,108.5,.309,.447,.569,51.1,56.1,8.3,7.8,.535,14.8,25.2,.235
73,Dayton,28,26,2,.929,18.46,3.71,15,0,15,0,8,0,2238,1825,,68.3,115.5,.342,.392,.615,52.0,60.3,8.6,9.0,.591,16.1,26.6,.247
74,Delaware State,27,3,24,.111,-22.10,-7.94,2,11,3,10,0,13,1950,2269,,75.9,94.2,.333,.391,.504,46.3,42.2,9.3,6.4,.470,17.4,25.2,.226
75,Delaware,30,20,10,.667,-1.72,-3.75,10,7,10,3,6,6,2230,2125,,68.8,107.6,.314,.384,.581,50.5,48.7,7.8,9.0,.547,16.7,24.1,.241
76,Denver,29,6,23,.207,-10.58,-1.79,2,13,5,8,0,14,1997,2226,,71.7,95.2,.367,.294,.526,47.9,45.5,8.2,6.6,.491,17.6,20.6,.253
77,DePaul,28,14,14,.500,8.57,8.20,2,13,10,7,4,7,2025,1986,,72.1,99.4,.334,.304,.521,50.7,53.1,11.7,15.7,.496,17.6,31.0,.214
78,Detroit Mercy,30,7,23,.233,-9.88,-1.58,5,12,5,8,1,14,2085,2334,,70.5,98.2,.321,.440,.506,49.5,45.5,8.1,8.5,.458,16.6,30.9,.251
79,Drake,30,18,12,.600,-0.17,-0.17,8,9,14,1,2,10,2098,2035,,68.3,101.9,.299,.384,.555,51.6,60.2,8.4,11.3,.527,17.2,23.8,.213
80,Drexel,30,13,17,.433,-5.20,-2.23,6,11,10,5,1,12,2079,2132,,68.4,100.9,.293,.370,.539,52.0,58.8,8.2,7.2,.511,18.7,30.8,.205
81,Duke,28,23,5,.821,22.83,7.79,13,4,13,2,7,3,2331,1910,,73.4,111.5,.348,.316,.561,53.9,52.2,11.3,13.5,.531,15.3,34.7,.246
82,Duquesne,27,19,8,.704,6.97,1.12,9,6,9,3,5,3,1923,1765,,67.6,104.4,.310,.431,.543,50.3,57.0,10.0,15.5,.510,15.9,29.3,.226
83,East Carolina,29,11,18,.379,-1.07,1.48,5,11,9,6,1,10,1986,2060,,70.8,95.9,.369,.334,.511,50.7,57.6,9.5,9.6,.467,17.0,27.4,.268
84,East Tennessee State,30,26,4,.867,7.21,-1.79,15,2,15,1,11,3,2286,1889,,68.1,111.8,.369,.386,.567,53.9,51.5,12.5,11.0,.539,15.1,33.6,.253
85,Eastern Illinois,29,15,14,.517,-5.28,-7.39,8,9,10,2,4,11,2175,2025,,71.2,104.4,.302,.318,.537,50.8,49.2,10.6,11.7,.513,15.2,29.8,.202
86,Eastern Kentucky,30,14,16,.467,-9.79,-4.43,11,6,9,4,5,10,2276,2304,,76.6,99.1,.319,.405,.520,45.2,47.0,11.9,5.4,.483,16.3,26.0,.232
87,Eastern Michigan,28,15,13,.536,-1.68,1.24,5,10,10,4,3,9,1824,1752,,67.8,96.0,.432,.371,.515,49.3,43.2,14.9,11.7,.485,18.8,28.5,.271
88,Eastern Washington,28,20,8,.714,1.43,-1.46,13,4,11,2,9,6,2263,2049,,74.8,107.0,.295,.422,.554,50.9,60.5,9.6,9.1,.529,15.4,28.1,.206
89,Elon,30,11,19,.367,-8.07,-1.74,7,10,8,8,3,11,2067,2160,,67.7,101.4,.286,.488,.537,48.5,57.0,6.8,6.1,.504,15.5,23.5,.212
90,Evansville,30,9,21,.300,-6.97,0.72,0,17,5,9,3,10,2034,2239,,67.8,97.5,.324,.420,.531,46.8,51.8,6.7,5.6,.494,16.6,20.6,.237
91,Fairfield,27,11,16,.407,-8.68,-4.49,7,9,5,6,5,8,1594,1707,,63.8,90.8,.335,.292,.480,52.1,42.9,7.9,8.6,.439,18.3,30.3,.234
92,Fairleigh Dickinson,28,10,18,.357,-10.20,-5.65,8,9,7,5,3,13,2012,2086,,69.0,103.3,.289,.357,.546,47.8,44.9,9.2,9.3,.515,16.4,26.8,.210
93,Florida A&M,26,12,14,.462,-12.07,-5.99,10,5,8,0,4,12,1754,1912,,70.8,93.4,.389,.235,.487,48.6,40.9,10.3,5.2,.453,17.9,31.3,.248
94,Florida Atlantic,29,16,13,.552,-1.55,-1.36,8,8,14,3,2,10,2047,1987,,70.4,99.5,.276,.424,.522,51.5,48.0,10.1,5.8,.493,16.9,29.2,.195
95,Florida Gulf Coast,30,10,20,.333,-10.17,-4.14,7,8,6,9,4,11,1843,1976,,66.9,91.1,.235,.416,.497,49.7,56.0,9.0,12.0,.471,20.1,29.0,.162
96,Florida International,28,17,11,.607,0.20,-1.40,8,7,11,2,5,8,2145,2024,,74.3,102.7,.300,.423,.548,47.4,52.3,12.0,15.9,.529,18.1,29.0,.194
97,Florida State,28,24,4,.857,17.54,7.54,14,3,15,0,6,4,2114,1834,,69.5,107.6,.301,.355,.556,51.8,49.1,12.7,16.4,.521,16.5,33.7,.229
98,Florida,28,18,10,.643,14.93,8.75,10,5,11,3,3,6,2032,1859,,67.1,107.2,.345,.369,.553,52.6,45.7,8.7,11.4,.519,15.5,31.1,.250
99,Fordham,27,7,20,.259,-4.21,0.23,1,14,6,11,0,7,1551,1671,,64.7,87.5,.272,.425,.471,46.5,56.5,10.8,9.1,.446,17.1,21.8,.172
100,Fresno State,28,10,18,.357,2.26,3.70,6,11,6,7,4,10,1942,1936,,65.3,103.9,.303,.485,.529,52.0,51.7,7.6,11.0,.500,16.3,31.2,.212
101,Furman,30,24,6,.800,7.28,-1.13,14,3,13,1,10,5,2307,1988,,69.2,110.2,.303,.460,.581,48.0,54.2,11.7,8.3,.559,14.9,23.9,.211
102,Gardner-Webb,29,14,15,.483,-5.96,-6.04,10,7,7,5,5,10,2110,2070,,67.6,104.5,.352,.390,.547,49.4,55.5,9.2,14.0,.516,15.9,27.8,.245
103,George Mason,28,15,13,.536,1.10,1.67,4,11,10,6,2,7,1871,1887,,67.2,98.9,.332,.342,.508,51.8,45.3,9.0,13.0,.471,16.9,32.9,.233
104,George Washington,28,12,16,.429,-2.39,0.36,6,9,7,8,3,7,1880,1957,,66.8,98.7,.334,.420,.530,48.4,52.1,7.9,10.6,.496,16.8,23.7,.237
105,Georgetown,28,15,13,.536,11.05,9.01,5,10,10,6,4,6,2119,2062,,71.7,105.5,.354,.296,.538,52.5,56.5,8.7,11.5,.491,15.9,32.7,.275
106,Georgia Southern,29,17,12,.586,0.98,-0.87,11,7,10,3,6,8,2177,2043,,73.0,102.8,.354,.416,.533,48.0,46.3,10.8,10.4,.503,15.2,26.2,.240
107,Georgia State,29,18,11,.621,3.69,0.06,11,7,11,1,6,10,2278,2081,,73.9,105.5,.311,.379,.545,50.2,52.7,10.6,11.7,.512,16.5,32.4,.228
108,Georgia Tech,28,14,14,.500,9.92,9.40,8,9,8,6,5,7,1925,1883,,70.8,96.3,.339,.301,.528,51.2,54.4,9.6,11.5,.500,19.7,28.5,.226
109,Georgia,28,14,14,.500,8.08,7.23,4,11,11,4,3,8,2130,2104,,72.3,103.3,.341,.388,.538,51.4,49.9,10.1,8.4,.505,17.6,32.7,.239
110,Gonzaga,30,28,2,.933,22.88,2.42,14,1,16,0,10,1,2634,2020,,73.0,119.7,.387,.320,.597,56.4,53.9,10.5,9.7,.575,13.4,33.6,.265
111,Grambling,27,14,13,.519,-12.41,-7.84,8,6,9,2,5,10,1950,1890,,71.9,100.4,.367,.276,.531,52.2,49.7,9.8,11.4,.499,17.2,30.5,.250
112,Grand Canyon,28,12,16,.429,-6.01,-3.75,7,7,7,7,4,6,1972,2042,,67.9,102.9,.377,.326,.545,48.1,48.3,7.3,3.6,.502,15.0,23.0,.281
113,Green Bay,30,15,15,.500,-5.32,-2.72,10,7,8,5,7,10,2473,2433,,75.5,107.8,.313,.331,.559,48.3,55.7,9.3,8.2,.524,14.6,26.7,.236
114,Hampton,30,13,17,.433,-13.23,-5.56,8,9,11,4,2,13,2324,2396,,72.0,106.7,.412,.303,.541,49.8,53.9,7.3,10.2,.502,14.3,29.9,.289
115,Hartford,30,16,14,.533,-7.08,-5.72,9,6,8,7,8,7,1983,1999,,69.3,95.0,.309,.398,.513,47.0,54.5,10.6,6.7,.482,17.1,22.3,.214
116,Harvard,25,18,7,.720,3.20,-1.26,7,3,10,0,7,4,1832,1668,,68.9,104.2,.313,.379,.547,53.6,45.0,9.3,14.3,.521,17.2,30.4,.215
117,Hawaii,27,16,11,.593,-0.66,-1.89,7,6,14,5,2,6,1865,1816,,69.2,99.4,.322,.384,.524,50.7,56.2,7.7,5.2,.491,16.8,28.0,.226
118,High Point,30,9,21,.300,-16.29,-5.18,6,11,6,9,3,12,1975,2243,,67.6,96.6,.409,.357,.507,51.1,56.1,7.6,11.7,.460,17.9,31.6,.289
119,Hofstra,30,22,8,.733,2.20,-3.69,13,4,9,4,11,4,2293,2080,,69.7,109.7,.340,.370,.559,50.3,46.7,10.0,5.5,.516,14.4,29.9,.266
120,Holy Cross,30,3,27,.100,-17.25,-4.08,2,15,2,11,0,15,1997,2382,,68.7,95.7,.245,.378,.517,47.4,46.7,7.0,6.9,.495,17.7,25.0,.165
121,Houston Baptist,26,3,23,.115,-17.55,-2.70,3,14,2,8,1,14,2077,2463,,78.3,101.6,.389,.335,.543,49.2,46.1,6.9,5.2,.500,18.7,32.0,.287
122,Houston,28,21,7,.750,16.36,5.61,11,4,12,2,6,5,2038,1737,,66.8,108.5,.339,.347,.527,56.6,51.7,7.4,15.0,.489,14.9,38.4,.248
123,Howard,28,2,26,.071,-21.48,-6.52,0,13,1,12,1,13,1950,2284,,71.9,95.6,.315,.370,.514,44.7,53.7,8.2,8.3,.483,17.9,26.8,.215
124,Idaho State,26,6,20,.231,-8.37,-0.92,3,14,4,9,2,11,1798,1886,,67.7,100.7,.356,.341,.537,51.1,47.1,6.9,5.9,.512,18.0,29.8,.232
125,Idaho,28,7,21,.250,-11.67,-1.79,3,14,4,9,2,11,1818,2019,,69.7,92.8,.306,.254,.509,49.7,49.4,8.1,6.2,.480,18.4,24.0,.207
126,Illinois-Chicago,30,15,15,.500,-5.18,-3.66,10,7,9,6,5,9,2051,2092,,70.2,97.0,.295,.388,.534,50.3,58.3,7.8,11.1,.507,19.9,27.1,.204
127,Illinois State,29,9,20,.310,-2.75,2.28,4,13,9,6,0,11,1914,2036,,68.2,96.3,.251,.410,.523,48.6,50.9,8.3,7.4,.497,18.4,26.0,.177
128,Illinois,28,19,9,.679,15.28,9.06,11,6,13,3,6,5,2031,1811,,67.9,106.3,.334,.305,.527,56.2,50.7,7.0,7.0,.489,15.3,36.6,.244
129,Incarnate Word,28,9,19,.321,-18.73,-6.53,6,11,7,7,2,12,1836,2055,,69.2,93.5,.311,.353,.506,47.6,53.2,10.4,6.7,.468,19.2,28.7,.224
130,Indiana State,28,17,11,.607,3.67,1.63,10,7,11,1,4,8,1930,1868,,66.2,103.7,.338,.339,.553,49.7,51.5,8.3,10.4,.520,15.5,23.8,.242
131,Indiana,28,18,10,.643,14.65,10.15,8,9,14,3,2,7,2003,1877,,68.8,103.5,.414,.298,.529,54.1,50.6,8.2,12.7,.491,16.2,33.0,.282
132,Iona,24,11,13,.458,-5.97,-5.14,9,8,5,5,4,7,1682,1702,,68.6,101.0,.320,.433,.551,48.7,55.5,10.3,10.5,.514,18.1,25.4,.243
133,Iowa State,28,12,16,.429,10.00,9.86,5,10,11,5,0,9,2038,2034,,70.6,102.6,.282,.375,.534,48.6,54.9,10.7,11.8,.502,15.9,28.7,.208
134,Iowa,28,19,9,.679,16.38,10.27,10,7,13,1,4,6,2189,2018,,70.8,110.4,.348,.376,.555,51.8,62.7,9.1,10.1,.518,14.7,32.2,.257
135,Purdue-Fort Wayne,30,13,17,.433,-8.03,-3.59,6,9,10,5,3,12,2062,2101,,69.5,98.9,.257,.441,.524,51.4,49.7,10.5,8.0,.502,17.7,28.6,.173
136,IUPUI,30,7,23,.233,-14.39,-3.35,3,14,4,8,3,13,2109,2381,,71.7,97.2,.318,.386,.504,47.8,53.8,9.0,6.5,.478,16.6,29.3,.203
137,Jackson State,27,10,17,.370,-11.78,-6.26,7,7,6,3,4,14,1796,1869,,71.1,93.5,.334,.300,.489,46.7,47.6,11.3,10.7,.452,15.9,25.8,.229
138,Jacksonville State,30,12,18,.400,-8.18,-6.18,7,10,7,6,4,11,2158,2080,,70.3,101.9,.281,.368,.533,52.7,51.9,9.0,7.2,.508,17.4,31.1,.191
139,Jacksonville,30,13,17,.433,-6.35,-5.49,6,9,6,7,6,8,1998,1990,,67.7,97.2,.306,.357,.513,52.2,45.0,7.3,7.6,.485,17.6,28.5,.207
140,James Madison,28,9,19,.321,-8.91,-2.65,2,15,6,9,3,10,2015,2136,,72.7,99.0,.368,.406,.510,49.4,49.4,8.8,8.3,.479,15.1,26.1,.240
141,Kansas State,28,9,19,.321,7.67,8.92,2,13,8,6,1,9,1801,1836,,67.4,95.0,.353,.389,.505,49.1,55.9,12.7,8.3,.475,18.4,29.5,.229
142,Kansas,28,25,3,.893,25.92,11.74,14,1,13,1,9,1,2109,1696,,68.4,109.6,.339,.334,.568,54.4,51.6,11.2,14.1,.546,16.1,31.8,.227
143,Kennesaw State,28,1,27,.036,-22.32,-2.39,0,15,1,9,0,16,1547,2105,,68.1,81.1,.331,.307,.439,45.9,41.3,7.4,5.3,.393,18.9,25.8,.231
144,Kent State,28,18,10,.643,3.48,-1.06,8,7,12,3,5,5,2128,1941,,69.8,107.0,.282,.411,.552,50.2,50.2,10.0,11.4,.524,15.6,30.3,.204
145,Kentucky,28,23,5,.821,15.91,6.70,13,2,15,1,7,2,2090,1832,,68.8,107.6,.410,.269,.561,53.2,53.5,7.5,14.3,.508,16.1,30.6,.325
146,La Salle,27,13,14,.481,-0.21,1.87,4,11,7,6,3,8,1825,1881,,69.9,95.4,.324,.423,.513,49.1,54.3,11.1,8.9,.485,18.7,28.2,.213
147,Lafayette,28,17,11,.607,-5.37,-6.08,9,8,8,5,9,6,1975,1916,,68.0,103.7,.242,.452,.557,50.1,60.0,6.8,10.9,.532,16.4,23.1,.177
148,Lamar,29,16,13,.552,-7.49,-6.69,10,8,10,4,6,9,2090,2003,,71.8,99.5,.350,.304,.526,49.2,52.5,12.6,12.7,.490,18.2,30.7,.245
149,Lehigh,29,9,20,.310,-11.14,-3.59,6,11,7,6,2,14,1962,2110,,69.3,96.8,.266,.292,.524,50.8,47.6,7.6,6.9,.494,17.9,26.6,.193
150,Liberty,30,27,3,.900,6.48,-6.99,13,2,14,0,7,3,2067,1585,,61.4,112.3,.312,.403,.580,53.7,52.9,9.1,9.1,.555,13.9,26.1,.221
151,Lipscomb,28,13,15,.464,-7.95,-5.02,8,7,7,5,6,10,1980,1983,,69.5,101.3,.291,.360,.532,49.8,50.7,7.8,6.9,.504,16.4,27.3,.202
152,Cal State Long Beach,29,10,19,.345,-8.86,2.03,5,8,7,6,2,11,1932,2179,,71.8,92.4,.330,.293,.514,47.5,44.5,8.0,10.8,.481,19.9,25.7,.226
153,Long Island University,30,14,16,.467,-7.58,-6.10,9,8,7,6,6,9,2298,2300,,73.9,101.9,.331,.464,.554,46.9,54.2,8.9,8.6,.523,16.9,22.2,.236
154,Longwood,31,14,17,.452,-11.53,-9.15,9,9,8,6,6,11,2095,2117,,68.7,96.9,.335,.479,.524,48.9,48.8,9.8,6.9,.489,17.7,23.8,.237
155,Louisiana,29,12,17,.414,-5.00,-0.82,7,11,8,6,3,10,2085,2174,,72.2,99.2,.347,.407,.520,49.6,45.2,8.3,8.6,.478,16.9,29.8,.256
156,Louisiana-Monroe,28,9,19,.321,-6.78,-0.36,5,14,7,7,2,12,1774,1895,,66.2,95.2,.330,.348,.513,48.9,51.5,6.7,9.5,.481,18.0,26.6,.224
157,Louisiana State,28,19,9,.679,13.86,7.11,10,5,13,2,5,5,2247,2058,,70.8,112.3,.361,.334,.566,54.5,44.9,8.9,11.0,.524,15.5,35.9,.279
158,Louisiana Tech,28,20,8,.714,6.71,-1.48,11,5,13,1,7,7,2093,1794,,68.4,108.3,.287,.399,.554,52.1,48.9,11.0,7.2,.535,15.4,30.4,.190
159,Louisville,29,23,6,.793,17.97,7.32,14,4,16,1,6,4,2174,1865,,67.4,110.2,.329,.378,.560,54.4,53.2,7.5,8.1,.527,15.3,32.3,.241
160,Loyola (IL),30,20,10,.667,5.89,0.37,12,5,14,2,4,6,2058,1867,,65.8,103.4,.386,.311,.577,49.6,57.4,11.9,5.6,.557,17.8,20.7,.253
161,Loyola Marymount,29,10,19,.345,-0.89,4.00,4,11,7,8,2,9,1862,1956,,64.8,98.7,.336,.347,.543,50.6,49.6,9.1,7.1,.519,19.0,27.4,.223
162,Loyola (MD),30,15,15,.500,-9.12,-6.81,7,10,9,3,5,12,2202,2242,,71.1,102.3,.435,.370,.550,48.9,60.2,9.4,8.0,.524,16.8,25.6,.278
163,Maine,28,7,21,.250,-13.55,-3.70,3,11,4,7,2,14,1709,1935,,66.3,91.2,.276,.430,.496,50.0,62.8,10.2,11.3,.463,19.7,28.0,.196
164,Manhattan,26,12,14,.462,-7.38,-6.49,8,9,7,5,5,9,1645,1668,,67.0,93.5,.342,.404,.491,49.2,60.0,10.5,11.8,.465,17.8,29.1,.212
165,Marist,26,7,19,.269,-11.47,-7.05,6,11,4,8,3,11,1591,1706,,65.9,90.7,.298,.398,.487,49.1,49.6,10.0,10.1,.459,18.3,26.1,.193
166,Marquette,27,18,9,.667,16.21,8.95,8,7,13,2,3,6,2100,1904,,71.4,107.0,.401,.452,.559,52.8,54.1,7.1,11.0,.517,16.3,28.7,.297
167,Marshall,29,14,15,.483,1.26,0.23,8,8,9,6,4,9,2167,2102,,75.1,99.0,.277,.390,.520,48.3,48.8,11.3,14.3,.499,17.2,28.6,.179
168,Maryland-Baltimore County,29,14,15,.483,-7.95,-4.47,7,7,9,5,5,8,1985,1918,,68.5,99.5,.326,.392,.527,50.3,51.8,7.8,7.8,.506,16.7,26.5,.206
169,Maryland-Eastern Shore,28,5,23,.179,-20.99,-4.22,4,9,4,4,1,19,1594,2001,,69.1,81.6,.256,.393,.441,45.3,51.9,11.1,9.5,.414,18.8,25.2,.161
170,Maryland,28,23,5,.821,18.25,9.79,13,4,15,0,5,5,2010,1773,,67.9,105.6,.379,.432,.531,53.3,55.7,7.0,12.1,.484,14.6,32.0,.284
171,Massachusetts-Lowell,29,12,17,.414,-8.00,-5.64,6,8,8,8,4,9,2173,2196,,71.4,103.7,.366,.356,.553,49.2,56.6,10.0,6.7,.518,16.9,28.0,.261
172,Massachusetts,28,13,15,.464,0.96,3.43,7,8,11,4,2,8,1915,1984,,69.4,97.7,.294,.393,.520,47.7,53.2,10.0,8.1,.491,16.9,26.3,.203
173,McNeese State,28,13,15,.464,-8.48,-6.81,8,9,10,5,3,10,2255,2084,,72.0,110.8,.349,.370,.606,52.7,57.6,9.4,11.0,.580,19.5,31.8,.253
174,Memphis,28,19,9,.679,11.94,4.37,8,7,14,3,4,5,2033,1821,,73.5,98.4,.399,.345,.535,52.2,55.5,10.9,15.6,.502,19.6,30.3,.269
175,Mercer,30,16,14,.533,-3.20,-2.81,10,7,8,6,8,6,2179,2131,,70.9,102.5,.263,.365,.545,53.1,54.2,9.3,7.6,.517,17.9,31.2,.191
176,Merrimack,31,20,11,.645,-7.04,-6.64,14,4,10,2,9,8,1948,1866,,64.4,96.4,.254,.433,.517,43.8,56.3,15.2,8.6,.493,16.3,23.2,.173
177,Miami (FL),27,14,13,.519,6.26,8.26,6,11,8,4,4,7,1973,2027,,69.6,102.7,.298,.359,.534,47.2,38.9,8.0,8.8,.497,14.9,25.4,.226
178,Miami (OH),28,11,17,.393,-5.58,-0.81,4,11,9,5,1,10,1977,1999,,69.5,101.6,.255,.414,.521,48.7,48.1,7.6,6.9,.495,14.7,26.2,.178
179,Michigan State,28,19,9,.679,21.35,10.10,11,6,11,3,5,4,2116,1801,,69.8,108.3,.315,.371,.556,55.1,65.7,7.5,13.4,.522,15.8,32.6,.236
180,Michigan,28,18,10,.643,18.54,10.93,9,8,10,5,4,5,2111,1898,,69.2,107.5,.270,.389,.554,50.9,52.8,7.6,10.4,.529,13.6,25.8,.193
181,Middle Tennessee,28,7,21,.250,-8.37,1.51,3,12,4,9,3,9,2006,2133,,71.5,99.8,.312,.408,.519,49.1,50.8,9.5,8.2,.492,16.6,28.6,.208
182,Milwaukee,29,12,17,.414,-7.01,-3.82,7,10,7,7,4,8,2090,2116,,71.1,99.2,.292,.395,.508,49.1,49.3,8.0,8.7,.475,16.0,29.5,.207
183,Minnesota,27,13,14,.481,15.84,11.84,7,10,10,5,2,8,1888,1780,,67.1,103.3,.281,.413,.515,51.7,60.1,7.2,11.7,.486,14.6,31.1,.197
184,Mississippi State,28,18,10,.643,11.97,6.76,9,6,13,2,3,6,2068,1922,,67.7,109.1,.388,.284,.560,55.4,52.3,8.4,14.0,.517,17.8,37.4,.293
185,Mississippi Valley State,27,2,25,.074,-29.34,-6.82,2,13,1,8,1,17,1843,2451,,78.8,86.2,.227,.402,.453,42.4,41.7,8.9,6.7,.428,16.0,23.6,.149
186,Mississippi,28,13,15,.464,7.48,6.63,4,11,10,5,1,9,1940,1916,,69.0,99.5,.372,.340,.529,49.4,53.7,10.4,7.6,.487,17.1,26.6,.272
187,Missouri-Kansas City,28,14,14,.500,-6.16,-2.24,6,7,8,4,4,8,1953,1867,,67.0,101.8,.286,.350,.546,47.8,51.2,11.5,9.4,.522,17.2,25.3,.196
188,Missouri State,30,14,16,.467,2.24,0.67,8,9,10,4,3,10,2086,2039,,68.2,101.5,.283,.339,.525,54.0,46.4,9.0,7.8,.490,16.7,31.5,.211
189,Missouri,28,14,14,.500,8.05,6.12,6,9,11,3,2,9,1882,1828,,67.3,99.1,.357,.407,.525,51.0,50.2,9.9,9.9,.475,18.2,30.5,.276
190,Monmouth,27,16,11,.593,-5.08,-5.20,10,6,9,1,6,9,1921,1918,,72.1,98.2,.347,.368,.512,47.2,52.7,10.9,8.0,.471,15.7,25.4,.252
191,Montana State,28,14,14,.500,-5.50,-2.46,8,9,8,4,4,10,1869,1879,,68.5,97.5,.363,.329,.539,51.2,48.2,8.3,6.5,.497,18.8,23.5,.270
192,Montana,28,17,11,.607,0.77,-1.73,13,4,12,1,5,10,1972,1895,,69.4,100.6,.257,.276,.548,48.3,45.8,9.0,9.6,.522,15.9,20.2,.187
193,Morehead State,30,13,17,.433,-10.76,-6.30,7,10,11,4,2,13,2065,2086,,69.1,98.9,.295,.332,.507,50.2,52.4,8.5,12.0,.484,15.3,28.7,.186
194,Morgan State,29,15,14,.517,-12.26,-8.83,9,5,8,4,7,7,2055,2057,,70.9,98.7,.396,.313,.514,52.6,46.5,8.2,12.9,.473,18.6,34.4,.276
195,Mount St. Mary's,30,11,19,.367,-9.40,-6.37,7,10,8,5,3,14,1917,1988,,64.6,97.8,.333,.380,.495,50.8,49.9,7.5,9.2,.459,15.6,30.3,.230
196,Murray State,29,21,8,.724,1.16,-6.88,14,3,14,0,6,6,2190,1872,,69.8,107.2,.403,.322,.568,54.9,53.6,7.9,10.7,.535,17.3,29.5,.284
197,Navy,28,14,14,.500,-7.19,-5.75,8,9,10,5,4,9,1785,1793,,62.5,100.1,.330,.392,.503,53.4,50.5,8.2,5.5,.467,16.1,33.9,.230
198,Omaha,30,16,14,.533,-4.06,-1.26,9,6,12,2,4,11,2233,2295,,70.6,103.7,.268,.296,.534,49.9,45.0,7.5,8.9,.507,14.9,27.4,.190
199,Nebraska,28,7,21,.250,3.75,10.11,2,15,5,10,0,10,1962,2140,,72.0,95.6,.288,.401,.495,43.6,55.1,9.1,6.1,.476,13.7,21.7,.174
200,Nevada-Las Vegas,30,16,14,.533,6.68,5.08,11,6,12,6,4,7,2154,2106,,67.0,104.2,.337,.402,.528,54.7,49.5,9.0,9.1,.495,16.4,34.0,.235
201,Nevada,29,19,10,.655,9.36,3.92,12,5,12,2,4,7,2244,2086,,71.7,107.4,.277,.429,.561,52.1,54.5,7.1,10.7,.531,14.8,25.6,.207
202,New Hampshire,27,14,13,.519,-7.49,-5.85,7,7,9,2,5,11,1861,1784,,70.1,97.0,.257,.415,.498,54.0,52.9,6.9,6.2,.472,16.0,29.9,.173
203,New Mexico State,29,23,6,.793,2.88,-4.27,14,0,12,1,8,3,2069,1756,,65.0,109.4,.315,.464,.565,56.6,57.4,9.4,5.5,.536,17.4,34.9,.225
204,New Mexico,30,17,13,.567,2.67,2.09,6,11,14,3,2,9,2316,2278,,73.2,105.5,.386,.361,.565,49.7,54.8,10.9,8.2,.530,17.5,27.6,.278
205,New Orleans,27,8,19,.296,-13.13,-4.13,4,13,5,8,3,11,2042,2067,,72.5,104.3,.383,.267,.553,48.1,55.7,10.8,5.5,.510,16.8,28.6,.288
206,Niagara,28,10,18,.357,-11.07,-3.97,8,9,8,3,2,15,1828,2027,,66.6,97.5,.243,.369,.525,40.8,50.1,10.6,6.6,.494,14.5,17.8,.183
207,Nicholls State,29,19,10,.655,-5.13,-5.53,13,5,11,1,7,8,2216,2020,,73.3,103.4,.263,.374,.533,48.2,45.9,13.6,10.3,.502,16.1,30.2,.197
208,NJIT,28,8,20,.286,-10.84,-4.58,5,10,5,7,3,13,1779,1920,,67.1,94.7,.308,.333,.487,47.9,45.8,8.5,8.0,.454,14.6,25.3,.208
209,Norfolk State,28,13,15,.464,-8.07,-8.15,9,4,10,2,2,12,1950,1818,,69.9,99.2,.337,.412,.514,51.4,52.9,11.2,6.9,.479,17.4,31.8,.236
210,North Alabama,28,12,16,.429,-8.70,-5.47,7,8,9,4,3,12,1912,1937,,70.4,97.0,.382,.368,.521,50.8,47.0,9.1,6.4,.485,18.5,28.2,.261
211,North Carolina-Asheville,28,14,14,.500,-9.99,-8.34,8,9,9,5,5,9,2123,2100,,71.6,105.4,.329,.390,.552,45.9,41.3,11.6,6.6,.530,14.7,24.8,.217
212,North Carolina A&T,29,15,14,.517,-9.33,-6.83,11,3,11,1,3,11,2069,2077,,75.5,93.7,.413,.322,.497,49.2,55.8,11.0,10.1,.470,18.0,29.0,.249
213,North Carolina Central,27,14,13,.519,-10.43,-7.93,10,3,10,0,4,13,1830,1740,,69.3,97.4,.314,.346,.529,49.4,54.4,12.6,8.8,.506,19.3,29.8,.205
214,North Carolina-Greensboro,30,23,7,.767,6.85,-1.51,13,4,14,4,9,3,2232,1868,,69.1,106.4,.264,.425,.520,52.3,45.9,13.5,13.8,.502,14.0,34.0,.168
215,North Carolina State,28,17,11,.607,11.48,6.59,8,9,12,4,5,6,2085,1948,,70.7,104.9,.283,.358,.534,49.2,48.3,10.5,11.8,.506,14.7,28.7,.201
216,North Carolina-Wilmington,30,10,20,.333,-8.62,-0.62,5,12,8,7,1,12,2066,2146,,69.7,98.1,.331,.342,.526,48.2,49.1,8.8,8.4,.492,16.7,24.2,.233
217,North Carolina,28,11,17,.393,8.81,9.67,4,13,6,8,2,8,1991,2015,,70.5,99.1,.336,.293,.492,55.2,55.0,8.4,10.3,.458,15.6,35.2,.223
218,North Dakota State,29,21,8,.724,0.84,-3.83,12,3,12,1,8,6,2145,1925,,67.8,108.6,.327,.455,.566,52.9,47.1,7.0,6.2,.524,13.7,23.2,.259
219,North Dakota,29,13,16,.448,-5.92,-1.31,7,8,8,3,4,12,2203,2174,,71.0,106.2,.346,.407,.570,51.9,49.2,6.5,5.3,.530,17.0,26.6,.267
220,North Florida,31,20,11,.645,-0.07,-2.89,13,3,12,1,7,9,2421,2255,,69.6,112.1,.268,.523,.578,49.3,58.1,7.0,8.2,.549,15.2,28.9,.205
221,North Texas,29,19,10,.655,8.12,1.79,13,3,12,3,7,5,2082,1834,,65.1,110.2,.307,.411,.596,52.2,50.0,9.7,8.4,.568,18.3,29.9,.230
222,Northeastern,29,15,14,.517,1.66,-3.51,9,8,7,5,7,7,2074,1924,,66.4,107.2,.263,.395,.578,51.2,50.0,11.8,4.7,.545,16.4,24.4,.209
223,Northern Arizona,27,16,11,.593,-3.60,-1.96,10,8,9,4,6,7,1943,1874,,67.8,105.7,.308,.351,.547,50.6,52.0,9.9,6.3,.518,14.9,27.2,.217
224,Northern Colorado,28,20,8,.714,5.88,-2.97,13,4,11,2,7,5,2093,1752,,66.0,112.3,.254,.467,.575,51.4,49.7,7.9,5.6,.558,13.4,25.5,.172
225,Northern Illinois,28,17,11,.607,-1.24,-2.28,10,5,10,3,7,8,1877,1801,,66.4,100.5,.280,.365,.504,53.3,42.2,8.2,8.1,.477,15.3,31.7,.189
226,Northern Iowa,29,24,5,.828,10.34,1.57,13,4,16,0,7,4,2204,1886,,66.0,113.7,.271,.422,.593,55.5,45.0,6.9,6.3,.566,16.2,29.8,.208
227,Northern Kentucky,29,21,8,.724,-0.24,-5.06,13,4,11,3,10,5,2104,1894,,68.6,104.9,.327,.457,.534,50.1,54.7,11.7,5.5,.505,15.8,30.9,.224
228,Northwestern State,26,12,14,.462,-11.79,-6.14,9,8,8,5,4,9,1899,1955,,74.4,97.7,.307,.365,.536,50.3,49.4,7.4,11.3,.503,20.2,29.9,.221
229,Northwestern,27,6,21,.222,4.88,10.21,1,16,4,11,1,9,1746,1890,,66.2,97.2,.255,.343,.502,46.7,57.0,5.8,8.4,.470,13.7,22.6,.186
230,Notre Dame,28,18,10,.643,10.91,5.12,9,8,14,3,4,6,2088,1926,,68.9,107.2,.249,.453,.532,49.4,62.7,8.4,9.5,.504,12.2,27.2,.183
231,Oakland,30,12,18,.400,-6.06,-2.68,7,10,7,5,3,11,2028,2098,,67.1,99.0,.374,.376,.521,50.3,57.3,8.7,9.1,.485,17.5,29.9,.256
232,Ohio State,28,19,9,.679,19.22,9.50,9,8,13,2,4,6,2017,1745,,66.8,107.8,.368,.425,.564,54.1,56.2,7.4,10.6,.526,16.9,31.2,.272
233,Ohio,28,14,14,.500,0.13,0.33,6,9,10,5,3,7,1991,1919,,69.1,102.9,.281,.424,.542,51.0,56.4,9.5,7.1,.518,16.4,27.4,.191
234,Oklahoma State,28,14,14,.500,11.01,10.76,4,11,8,6,4,7,1868,1861,,68.5,97.3,.342,.341,.507,50.4,49.5,10.0,12.7,.464,16.5,29.4,.251
235,Oklahoma,28,17,11,.607,13.22,10.51,7,8,12,2,2,8,1975,1899,,69.9,101.0,.302,.389,.525,49.1,47.6,8.7,10.9,.485,14.2,23.2,.231
236,Old Dominion,28,11,17,.393,0.05,0.47,7,8,8,4,3,10,1810,1822,,67.7,95.1,.280,.330,.479,53.3,42.8,10.4,10.2,.447,15.2,30.6,.193
237,Oral Roberts,28,15,13,.536,1.67,-1.41,8,7,12,1,3,12,2265,2072,,71.6,112.0,.299,.379,.547,52.4,45.2,8.8,7.0,.512,12.4,32.5,.225
238,Oregon State,28,15,13,.536,9.13,6.02,5,11,10,4,3,8,1994,1907,,66.8,106.6,.388,.342,.555,49.6,57.8,9.0,13.8,.513,15.4,27.1,.290
239,Oregon,29,22,7,.759,17.49,9.35,11,5,15,0,5,5,2182,1946,,66.3,110.2,.286,.374,.558,51.2,52.4,11.5,9.1,.535,15.0,32.5,.198
240,Pacific,31,22,9,.710,4.29,0.05,10,5,15,3,6,5,2175,1992,,65.9,103.5,.349,.286,.533,56.5,46.2,8.5,11.9,.506,15.9,33.3,.232
241,Penn State,28,21,7,.750,17.41,8.80,11,6,14,2,5,4,2119,1878,,71.7,105.6,.320,.388,.534,51.1,52.8,10.9,12.4,.505,14.1,29.1,.221
242,Pennsylvania,23,13,10,.565,0.36,0.32,5,5,6,3,5,6,1682,1633,,71.8,101.3,.256,.443,.542,48.4,54.7,7.9,7.4,.521,15.7,22.2,.174
243,Pepperdine,29,15,14,.517,2.59,3.01,8,7,9,4,6,7,2211,2223,,71.8,104.8,.335,.376,.547,48.6,56.5,8.8,9.8,.501,15.4,27.0,.266
244,Pittsburgh,29,15,14,.517,7.07,6.76,6,12,11,7,2,7,1883,1874,,65.6,98.6,.354,.325,.494,48.7,55.6,11.7,10.4,.449,15.4,32.4,.255
245,Portland State,29,15,14,.517,-1.97,-2.12,9,8,9,3,5,11,2273,2191,,72.6,108.0,.305,.293,.529,50.9,46.0,12.1,10.2,.496,14.8,36.9,.219
246,Portland,30,9,21,.300,-6.59,1.84,1,14,7,9,2,8,1996,2160,,70.5,93.6,.332,.352,.519,45.8,56.0,8.1,10.2,.489,17.9,20.8,.223
247,Prairie View,27,16,11,.593,-5.17,-6.81,12,2,9,0,6,10,1931,1837,,72.6,98.1,.398,.267,.524,49.4,55.1,11.7,7.6,.482,17.6,28.3,.283
248,Presbyterian,30,9,21,.300,-14.89,-6.39,6,11,6,6,3,13,2015,2200,,67.2,99.1,.346,.359,.541,50.1,50.3,8.7,5.9,.508,19.1,26.9,.244
249,Princeton,23,12,11,.522,-2.01,-1.10,7,3,6,5,4,5,1634,1608,,67.2,105.1,.292,.418,.561,50.7,50.4,9.6,5.2,.534,16.8,26.6,.210
250,Providence,28,16,12,.571,11.97,7.87,9,6,11,3,4,6,1983,1868,,69.6,101.3,.353,.368,.504,51.6,60.1,12.0,10.1,.468,16.1,34.0,.242
251,Purdue,29,15,14,.517,16.12,10.40,8,10,11,4,3,8,1969,1803,,64.5,103.0,.253,.357,.507,53.0,52.9,9.9,11.1,.482,14.6,34.6,.170
252,Quinnipiac,27,12,15,.444,-8.35,-6.27,7,10,8,5,3,9,1888,1944,,69.1,101.2,.293,.509,.546,51.2,57.2,6.4,9.3,.511,17.7,27.2,.221
253,Radford,29,20,9,.690,-1.84,-5.29,15,2,10,2,9,6,2100,1911,,65.0,110.9,.328,.393,.555,52.7,52.0,8.0,7.3,.538,14.0,31.3,.207
254,Rhode Island,27,20,7,.741,10.61,4.32,12,3,12,1,7,5,2017,1847,,72.5,102.1,.364,.289,.512,51.1,47.8,11.9,10.6,.475,14.3,30.8,.251
255,Rice,28,13,15,.464,-3.28,-0.13,5,10,7,6,4,8,2066,2090,,71.3,103.5,.334,.500,.550,49.9,55.6,8.3,6.1,.519,16.5,25.6,.236
256,Richmond,28,21,7,.750,10.21,2.60,11,4,12,2,8,3,2087,1874,,69.1,106.9,.273,.380,.564,48.4,56.1,11.8,7.7,.533,14.1,21.9,.210
257,Rider,27,15,12,.556,-3.97,-5.23,9,8,9,1,4,11,1937,1903,,71.8,99.9,.384,.337,.520,53.5,52.0,9.2,7.7,.490,16.9,31.0,.250
258,Robert Morris,30,16,14,.533,-5.93,-6.34,12,5,8,3,7,11,2073,2021,,67.6,102.3,.251,.394,.529,49.6,63.6,9.2,5.5,.509,16.3,29.4,.166
259,Rutgers,29,18,11,.621,15.32,9.35,9,9,17,1,1,8,2019,1807,,67.8,102.3,.292,.301,.514,54.1,47.9,9.8,13.6,.490,15.3,32.5,.190
260,Sacramento State,27,15,12,.556,-1.67,-2.59,8,10,10,3,4,9,1690,1582,,64.3,97.4,.313,.281,.496,52.9,55.2,10.8,11.3,.457,16.4,32.8,.226
261,Sacred Heart,30,18,12,.600,-4.65,-7.61,11,6,7,4,10,7,2211,2081,,70.4,104.7,.343,.390,.536,53.8,52.1,7.3,9.7,.497,16.9,34.9,.254
262,Saint Francis (PA),28,20,8,.714,-2.20,-6.65,13,4,11,2,8,6,2179,2010,,70.8,109.3,.339,.294,.556,52.7,42.1,10.0,7.2,.518,15.2,32.8,.253
263,Saint Joseph's,28,5,23,.179,-5.56,5.69,1,14,3,9,2,11,1915,2230,,71.5,95.2,.287,.491,.493,48.1,52.7,6.6,7.0,.460,16.4,27.0,.202
264,Saint Louis,28,20,8,.714,8.28,2.91,9,6,14,3,4,4,2010,1852,,68.7,103.1,.403,.274,.515,54.3,54.5,10.8,12.7,.496,15.3,33.9,.235
265,Saint Mary's (CA),30,24,6,.800,12.49,3.80,11,4,14,3,6,2,2277,1974,,65.0,114.0,.306,.363,.587,52.1,45.2,9.8,5.5,.557,13.1,25.8,.230
266,Saint Peter's,27,15,12,.556,-3.67,-5.93,12,6,10,3,5,9,1797,1736,,68.7,96.5,.381,.332,.511,53.8,47.3,10.8,13.7,.467,20.1,35.2,.272
267,Sam Houston State,29,18,11,.621,-4.47,-6.91,11,7,12,3,6,8,2300,2103,,74.7,104.0,.301,.357,.551,49.7,56.9,12.2,9.0,.516,16.3,28.8,.227
268,Samford,31,9,22,.290,-12.94,-0.51,3,14,6,8,3,14,2286,2537,,74.4,98.3,.337,.327,.531,48.2,44.7,9.1,9.2,.492,18.7,28.5,.248
269,San Diego State,28,27,1,.964,18.90,3.42,16,1,14,1,10,0,2102,1640,,66.4,113.0,.291,.412,.578,52.9,56.1,10.4,9.1,.547,14.4,29.3,.220
270,San Diego,30,9,21,.300,-2.99,4.70,2,13,6,8,3,10,1976,2173,,71.2,91.4,.296,.346,.496,49.1,51.3,8.0,8.4,.470,18.1,25.8,.193
271,San Francisco,30,19,11,.633,7.56,3.73,8,7,12,5,6,6,2246,2084,,69.8,106.0,.292,.443,.542,52.3,45.2,10.2,7.9,.511,15.5,29.4,.211
272,San Jose State,29,7,22,.241,-7.19,5.13,3,14,6,9,1,12,2032,2352,,74.1,94.2,.340,.464,.500,46.3,55.6,8.4,8.1,.458,16.6,24.7,.244
273,Santa Clara,30,18,12,.600,2.29,1.11,5,10,15,5,3,7,2276,2151,,73.0,103.5,.339,.369,.566,48.8,58.4,9.3,9.1,.531,16.9,22.1,.251
274,Seattle,28,14,14,.500,-4.07,-4.07,7,6,9,4,3,9,2090,2022,,71.6,102.4,.368,.376,.514,49.1,44.1,8.1,8.4,.462,12.6,27.5,.284
275,Seton Hall,27,20,7,.741,17.25,9.32,12,3,11,3,7,3,2016,1802,,71.7,104.2,.366,.403,.546,50.4,55.4,10.1,15.6,.509,16.7,29.3,.264
276,Siena,26,16,10,.615,-1.81,-5.05,12,5,13,0,3,10,1889,1805,,67.8,105.5,.376,.323,.545,53.0,49.8,8.0,8.0,.511,16.3,31.7,.263
277,South Alabama,29,18,11,.621,-0.54,-1.00,11,7,9,5,7,5,2073,1975,,67.4,105.5,.400,.300,.556,49.4,44.3,11.3,12.0,.516,15.8,26.8,.291
278,South Carolina State,26,11,15,.423,-15.32,-8.53,6,8,8,3,3,12,1827,1951,,69.3,99.9,.392,.298,.534,51.1,45.5,6.0,4.9,.485,17.8,29.5,.297
279,South Carolina Upstate,30,11,19,.367,-13.42,-5.64,6,11,8,6,3,13,2057,2216,,69.6,98.5,.332,.361,.512,48.0,50.4,8.5,7.7,.479,15.7,26.5,.228
280,South Carolina,28,17,11,.607,10.34,6.05,9,6,11,5,6,4,2032,1912,,72.3,100.0,.370,.309,.511,51.7,54.1,10.7,13.5,.486,15.8,32.1,.229
281,South Dakota State,31,22,9,.710,2.74,-4.12,13,3,16,0,6,9,2419,2179,,69.7,110.6,.324,.359,.580,53.2,50.3,7.2,8.6,.555,16.2,29.3,.229
282,South Dakota,30,19,11,.633,-1.54,-3.54,9,6,12,2,5,8,2399,2233,,71.5,111.8,.390,.332,.595,50.8,50.2,6.3,7.0,.558,13.6,20.7,.294
283,South Florida,28,12,16,.429,4.99,4.84,5,10,9,6,2,6,1751,1747,,65.4,94.7,.378,.389,.501,52.3,46.0,11.4,6.8,.469,19.4,32.4,.245
284,Southeast Missouri State,30,7,23,.233,-14.28,-5.00,3,14,6,7,0,15,1976,2220,,68.8,95.4,.357,.343,.508,47.9,48.3,7.6,6.0,.471,17.2,25.4,.247
285,Southeastern Louisiana,28,6,22,.214,-16.57,-5.05,3,14,4,8,2,13,1924,2193,,73.7,92.0,.314,.358,.496,46.0,49.9,10.7,4.8,.465,19.2,28.3,.210
286,Southern California,29,20,9,.690,11.31,7.14,9,7,12,2,5,6,2054,1933,,70.2,99.6,.355,.318,.523,52.1,55.2,9.5,13.5,.493,17.5,30.9,.237
287,SIU Edwardsville,30,8,22,.267,-13.87,-5.77,5,12,4,9,4,13,2021,2191,,70.3,95.8,.293,.312,.507,48.9,55.9,8.2,9.0,.477,17.3,27.7,.199
288,Southern Illinois,30,16,14,.533,0.42,-0.03,10,7,12,3,3,9,1884,1843,,64.0,97.8,.327,.413,.536,46.4,53.9,10.0,5.4,.501,17.2,20.7,.237
289,Southern Methodist,27,19,8,.704,8.25,3.00,9,6,15,1,4,7,2008,1866,,66.5,109.4,.315,.426,.562,53.6,60.8,8.8,9.6,.524,16.9,34.6,.243
290,Southern Mississippi,28,9,19,.321,-5.31,3.29,5,10,8,6,1,10,1872,2030,,68.8,96.7,.248,.299,.522,51.1,56.7,8.5,8.2,.493,18.7,28.6,.182
291,Southern Utah,28,14,14,.500,0.01,-1.61,7,10,8,5,5,9,2017,1845,,70.6,100.6,.338,.311,.535,53.6,45.6,9.7,11.6,.500,16.8,28.1,.242
292,Southern,28,13,15,.464,-10.83,-8.99,10,5,8,1,4,14,1918,1883,,69.3,98.4,.311,.299,.511,52.5,52.6,9.7,6.8,.482,17.2,32.2,.209
293,St. Bonaventure,28,18,10,.643,3.94,1.72,10,5,8,5,7,5,1940,1855,,66.1,104.0,.271,.341,.526,52.6,54.3,8.4,11.6,.495,15.0,31.4,.198
294,St. Francis (NY),29,12,17,.414,-11.43,-7.11,6,11,9,5,3,12,2025,2082,,70.9,98.0,.263,.356,.503,49.0,47.5,8.9,12.0,.471,15.2,27.8,.189
295,St. John's (NY),28,14,14,.500,9.89,6.89,3,12,11,6,1,7,2078,1994,,74.7,99.3,.296,.308,.489,48.7,53.9,13.5,12.3,.452,13.2,30.3,.211
296,Stanford,28,19,9,.679,14.38,5.70,8,7,13,4,4,4,1968,1725,,68.9,101.1,.317,.366,.567,49.1,51.2,10.1,11.2,.542,19.0,22.2,.221
297,Stephen F. Austin,28,25,3,.893,3.73,-7.11,16,1,14,1,11,2,2259,1872,,74.8,107.4,.427,.273,.576,55.6,52.9,14.2,10.3,.543,20.5,38.3,.299
298,Stetson,30,15,15,.500,-10.39,-5.43,9,6,7,6,7,8,1907,1976,,64.7,97.9,.391,.320,.527,51.9,43.2,10.0,8.5,.497,18.7,30.4,.254
299,Stony Brook,29,18,11,.621,-1.50,-4.07,9,5,9,4,7,7,2030,1911,,70.6,98.4,.329,.429,.514,51.9,46.9,9.5,13.5,.475,17.8,30.2,.238
300,Syracuse,28,16,12,.571,12.28,7.35,9,8,11,6,5,4,2069,1931,,68.5,107.4,.356,.428,.547,49.3,56.6,10.7,14.7,.508,14.7,29.0,.263
301,Temple,28,14,14,.500,6.94,5.87,6,9,8,5,4,7,1945,1915,,71.4,96.0,.342,.346,.500,49.6,56.2,11.2,8.3,.465,15.8,25.5,.233
302,Tennessee-Martin,28,8,20,.286,-14.43,-3.86,4,13,5,6,2,12,2107,2304,,70.1,107.0,.313,.375,.552,48.0,44.9,7.3,7.8,.515,16.0,31.1,.236
303,Tennessee State,30,17,13,.567,-6.52,-5.49,9,8,11,2,4,11,2168,2148,,70.9,101.5,.323,.375,.560,53.7,53.2,7.3,11.3,.540,21.0,32.1,.210
304,Tennessee Tech,30,9,21,.300,-13.72,-4.58,6,11,6,8,3,11,1962,2166,,69.0,94.0,.215,.426,.504,49.5,56.6,9.8,8.5,.482,19.0,28.8,.145
305,Tennessee,28,15,13,.536,11.07,7.57,7,8,10,5,3,7,1872,1774,,66.8,100.0,.372,.362,.530,51.3,63.5,9.2,15.9,.484,18.0,30.7,.279
306,Texas A&M-Corpus Christi,28,11,17,.393,-10.97,-5.74,7,10,7,6,4,11,1814,1912,,68.1,95.1,.329,.393,.543,51.6,54.4,8.2,8.8,.513,22.9,29.7,.228
307,Texas A&M,27,14,13,.519,3.93,6.08,8,7,10,6,4,3,1689,1747,,65.7,94.8,.414,.411,.501,49.4,52.2,9.9,10.9,.456,18.4,31.1,.286
308,Texas-Arlington,29,13,16,.448,2.86,2.56,9,9,8,6,5,9,2034,1975,,69.3,101.1,.288,.416,.517,49.3,59.1,8.7,7.6,.478,14.5,27.2,.218
309,Texas Christian,28,15,13,.536,9.27,9.09,6,9,13,4,1,8,1827,1801,,65.6,98.1,.261,.435,.512,51.6,61.5,10.4,14.1,.493,18.3,32.9,.166
310,Texas-El Paso,28,14,14,.500,-1.27,0.17,5,10,12,4,1,9,1867,1846,,69.1,96.1,.346,.399,.525,49.5,53.6,8.7,8.5,.480,18.0,23.6,.261
311,Texas-Rio Grande Valley,28,12,16,.429,-7.66,-3.58,7,7,10,3,2,11,2022,1987,,70.7,101.2,.341,.311,.525,49.0,58.0,11.5,11.1,.489,15.9,29.2,.242
312,Texas-San Antonio,28,12,16,.429,-2.47,0.57,6,9,9,4,3,8,2190,2166,,74.0,103.8,.271,.429,.534,50.6,45.7,7.8,7.4,.499,15.0,28.0,.206
313,Texas Southern,27,13,14,.481,-10.19,-4.46,10,4,8,1,5,13,1948,2059,,74.4,95.7,.403,.292,.500,50.4,46.1,8.2,7.1,.455,17.8,31.7,.282
314,Texas State,29,19,10,.655,5.47,-0.31,12,6,14,3,5,7,2113,1847,,67.5,107.9,.363,.281,.548,50.1,53.3,9.7,9.1,.504,14.4,29.6,.277
315,Texas Tech,28,18,10,.643,17.32,7.39,9,6,13,2,3,6,2042,1764,,68.8,104.6,.357,.360,.560,50.4,61.3,11.6,11.6,.520,17.4,28.1,.269
316,Texas,28,17,11,.607,10.60,9.24,7,8,11,5,4,5,1810,1772,,66.3,97.5,.220,.423,.523,47.3,50.0,8.4,11.4,.503,18.1,27.4,.149
317,Toledo,28,14,14,.500,1.23,-1.48,6,9,7,6,7,8,2112,1980,,69.6,107.8,.368,.426,.560,51.5,57.2,8.3,9.0,.521,15.8,29.1,.273
318,Towson,30,18,12,.600,0.44,-1.52,11,6,9,5,7,4,2121,1981,,65.9,106.3,.328,.334,.532,54.1,46.2,8.7,9.8,.488,15.2,33.7,.253
319,Troy,29,9,20,.310,-8.79,-1.60,5,13,6,8,3,12,2004,2120,,71.1,96.4,.291,.434,.497,49.2,57.4,8.0,7.9,.467,17.0,30.4,.198
320,Tulane,28,12,16,.429,0.43,2.82,4,12,7,5,3,7,1907,1974,,69.2,98.0,.342,.406,.521,44.7,49.0,12.2,8.0,.485,15.3,21.8,.241
321,Tulsa,28,19,9,.679,7.91,3.09,11,4,14,2,5,6,1920,1785,,67.1,100.4,.398,.337,.538,50.3,53.5,11.1,7.7,.499,17.4,26.7,.281
322,UCLA,29,18,11,.621,9.33,7.72,11,5,12,4,5,4,2032,1961,,66.7,104.1,.365,.331,.531,54.6,53.3,10.2,10.1,.494,16.9,35.0,.259
323,Utah State,30,23,7,.767,14.37,3.84,12,5,15,1,4,5,2313,1905,,69.2,110.0,.357,.375,.561,56.6,62.1,8.9,9.2,.518,15.1,32.0,.276
324,Utah Valley,29,11,18,.379,-7.19,-4.15,5,9,6,6,5,12,2054,2070,,71.6,98.1,.343,.377,.534,49.6,54.8,7.9,12.4,.498,17.5,24.2,.245
325,Utah,28,15,13,.536,8.66,7.73,6,10,11,2,1,9,1977,1951,,68.1,102.8,.364,.386,.548,51.9,57.6,8.2,7.6,.510,17.4,28.6,.265
326,Valparaiso,30,16,14,.533,1.94,1.08,9,8,11,2,4,9,2185,2133,,70.1,102.6,.273,.409,.540,49.0,57.6,11.3,9.1,.513,16.3,26.6,.194
327,Vanderbilt,28,9,19,.321,2.99,5.92,1,14,9,10,0,8,1992,2074,,69.7,101.1,.409,.447,.538,46.9,47.7,10.1,9.0,.503,16.3,24.6,.281
328,Vermont,29,22,7,.759,6.21,-4.18,12,2,10,3,11,3,2040,1700,,66.4,105.9,.295,.434,.541,53.1,54.7,8.8,10.7,.512,15.1,28.6,.210
329,Villanova,28,22,6,.786,17.29,9.72,11,4,12,2,7,3,2066,1854,,67.7,108.5,.262,.466,.558,51.4,56.9,8.4,6.9,.526,14.0,26.1,.204
330,Virginia Commonwealth,28,17,11,.607,9.85,4.07,7,8,13,3,4,6,1976,1814,,69.9,101.0,.332,.374,.523,48.2,52.8,13.2,12.4,.488,15.6,27.7,.234
331,VMI,30,8,22,.267,-6.79,-2.16,3,14,5,10,2,11,2149,2114,,67.7,104.0,.234,.506,.538,49.8,62.2,9.7,7.3,.516,15.7,28.1,.165
332,Virginia Tech,28,15,13,.536,8.76,5.19,6,11,11,6,3,5,1960,1860,,66.2,102.9,.238,.465,.531,48.5,59.2,8.6,9.2,.506,12.7,22.0,.169
333,Virginia,27,20,7,.741,11.60,6.67,12,5,12,3,6,4,1556,1423,,60.2,94.4,.268,.380,.504,52.9,55.5,8.7,15.8,.472,17.7,26.9,.191
334,Wagner,28,8,20,.286,-14.27,-5.49,5,12,5,7,3,13,1923,2130,,69.1,98.1,.298,.377,.510,49.9,52.9,8.5,7.5,.475,17.0,30.3,.216
335,Wake Forest,27,12,15,.444,7.48,8.11,5,12,8,5,1,9,1973,1990,,70.8,101.3,.427,.330,.534,51.7,50.6,7.0,7.6,.483,17.3,28.5,.318
336,Washington State,28,14,14,.500,4.39,3.75,5,10,11,5,1,7,1939,1921,,70.3,97.6,.292,.397,.494,49.2,48.0,9.5,6.6,.457,14.1,27.4,.213
337,Washington,28,13,15,.464,12.17,7.49,3,12,10,6,1,7,1956,1825,,69.7,99.4,.370,.387,.542,49.6,52.1,9.9,16.8,.505,18.8,27.2,.264
338,Weber State,27,11,16,.407,-8.00,0.29,7,9,8,4,3,8,1877,1909,,68.7,100.2,.294,.377,.545,47.9,44.2,7.6,9.5,.516,15.9,21.5,.210
339,West Virginia,28,19,9,.679,18.69,10.22,7,8,13,1,3,8,1964,1727,,69.6,100.4,.404,.298,.499,55.5,49.8,11.1,10.7,.467,17.4,39.8,.257
340,Western Carolina,28,18,10,.643,-0.14,-2.10,10,7,10,4,8,6,2232,2096,,72.8,108.6,.346,.454,.579,53.6,53.6,7.2,4.8,.550,17.1,29.7,.248
341,Western Illinois,25,5,20,.200,-14.32,-2.84,2,13,4,10,1,10,1871,2057,,73.1,101.4,.224,.363,.527,47.0,37.6,6.8,5.6,.496,13.5,21.9,.174
342,Western Kentucky,28,19,9,.679,4.39,0.91,12,4,12,2,5,5,2134,1997,,69.9,107.1,.398,.369,.567,48.3,43.2,9.2,10.7,.517,15.5,25.0,.315
343,Western Michigan,28,11,17,.393,-5.95,-0.03,4,11,8,5,3,10,1937,2022,,68.9,99.1,.364,.382,.528,48.2,45.6,7.2,5.5,.488,16.4,24.2,.261
344,Wichita State,28,21,7,.750,13.47,5.18,9,6,16,2,4,4,2022,1790,,71.1,100.7,.347,.384,.507,52.9,57.7,10.1,10.3,.470,15.2,31.7,.241
345,William & Mary,30,20,10,.667,-2.07,-2.69,12,5,10,2,10,7,2139,2061,,68.1,104.7,.292,.389,.562,53.0,52.6,6.5,10.4,.532,16.7,26.2,.216
346,Winthrop,30,20,10,.667,0.77,-5.73,14,3,10,4,10,6,2421,2151,,72.4,110.0,.354,.434,.552,54.9,55.7,9.2,7.1,.532,16.0,35.4,.225
347,Wisconsin,28,18,10,.643,15.57,10.78,11,6,13,1,5,6,1888,1754,,64.5,104.1,.269,.448,.541,49.7,51.7,6.9,9.6,.506,14.1,24.4,.207
348,Wofford,30,16,14,.533,0.24,-1.65,8,9,10,5,6,9,2176,2054,,67.2,106.6,.263,.484,.567,49.5,51.0,8.6,8.3,.544,15.7,25.1,.189
349,Wright State,30,24,6,.800,3.06,-6.77,14,3,14,2,8,3,2460,2129,,73.3,110.4,.361,.338,.554,52.1,48.7,8.8,8.5,.526,14.4,32.3,.247
350,Wyoming,29,7,22,.241,-4.31,4.47,2,15,4,13,3,7,1779,2011,,67.1,90.2,.305,.460,.516,43.5,50.9,7.8,6.3,.480,18.1,14.4,.221
351,Xavier,28,18,10,.643,12.94,9.11,7,8,12,4,4,5,1983,1876,,69.3,100.0,.308,.347,.514,52.5,56.3,8.3,9.9,.488,16.6,31.7,.202
352,Yale,26,20,6,.769,7.57,-1.81,8,2,8,1,10,5,2006,1674,,68.3,108.8,.332,.421,.577,55.0,59.6,8.5,9.5,.551,16.4,27.5,.235
353,Youngstown State,30,16,14,.533,-5.77,-4.77,9,8,12,4,4,10,2204,2158,,68.9,105.3,.299,.373,.512,53.0,47.1,8.5,6.5,.482,14.4,36.1,.206
