,,Overall,Overall,Overall,Overall,Overall,Overall,Conf.,Conf.,Home,Home,Away,Away,Points,Points,,,Opponent Totals,Opponent Totals,Opponent Totals,Opponent Totals,Opponent Totals,Opponent Totals,Opponent Totals,Opponent Totals,Opponent Totals,Opponent Totals,Opponent Totals,Opponent Totals,Opponent Totals,Opponent Totals,Opponent Totals,Opponent Totals
Rk,School,G,W,L,W-L%,SRS,SOS,W,L,W,L,W,L,Tm.,Opp.,,MP,FG,FGA,FG%,3P,3PA,3P%,FT,FTA,FT%,ORB,TRB,AST,STL,BLK,TOV,PF
1,Abilene Christian,28,18,10,.643,-2.34,-6.71,13,4,12,2,6,8,2134,1809,,1135,595,1393,.427,136,465,.292,483,652,.741,245,927,261,195,100,561,557
2,Air Force,29,11,18,.379,-0.74,2.34,5,12,8,7,3,8,2127,2156,,1160,761,1653,.460,291,790,.368,343,486,.706,213,955,406,182,80,332,553
3,Akron,28,21,7,.750,6.85,-0.69,11,4,13,2,7,4,2109,1846,,1120,675,1687,.400,169,559,.302,327,489,.669,320,1030,279,173,76,379,554
4,Alabama A&M,25,7,18,.280,-18.45,-8.89,4,10,5,4,2,13,1556,1795,,1005,648,1419,.457,167,516,.324,332,505,.657,224,964,336,152,110,311,430
5,Alabama-Birmingham,29,17,12,.586,-0.93,-1.45,8,8,10,6,5,6,1949,1890,,1160,679,1618,.420,222,664,.334,310,432,.718,239,875,320,203,94,357,503
6,Alabama State,27,8,19,.296,-15.64,-6.08,7,7,4,3,2,13,1664,1922,,1080,695,1508,.461,180,540,.333,352,543,.648,255,973,359,196,95,380,520
7,Alabama,28,15,13,.536,12.32,8.17,7,8,9,4,4,7,2323,2207,,1140,766,1825,.420,192,634,.303,483,651,.742,346,1117,330,239,115,392,557
8,Albany (NY),29,14,15,.483,-8.75,-6.61,7,7,7,6,5,9,1943,1977,,1165,715,1721,.415,226,665,.340,321,467,.687,268,1002,385,228,97,374,534
9,Alcorn State,26,13,13,.500,-15.27,-9.68,9,6,9,1,4,12,1972,1910,,1050,687,1540,.446,187,546,.342,349,534,.654,264,925,369,191,76,370,424
10,American,28,15,13,.536,-4.90,-5.82,11,6,10,3,5,10,2000,1974,,1125,705,1568,.450,161,492,.327,403,575,.701,281,971,337,169,91,376,440
11,Appalachian State,29,16,13,.552,-0.22,0.16,10,8,9,4,6,8,1980,1931,,1165,700,1653,.423,217,674,.322,314,441,.712,284,1022,387,193,78,413,551
12,Arizona State,28,19,9,.679,11.85,7.85,10,5,12,2,6,4,2061,1949,,1120,689,1618,.426,202,615,.328,369,551,.670,283,1053,349,182,105,455,516
13,Arizona,28,19,9,.679,20.27,8.20,9,6,12,3,4,5,2158,1820,,1130,626,1576,.397,192,600,.320,376,529,.711,259,941,330,126,85,407,541
14,Little Rock,29,20,9,.690,2.31,-1.16,14,4,12,2,8,7,2109,1994,,1160,695,1656,.420,227,649,.350,377,548,.688,299,946,345,200,93,407,602
15,Arkansas-Pine Bluff,27,4,23,.148,-20.84,-5.26,3,12,2,7,2,16,1442,1839,,1085,612,1417,.432,165,532,.310,450,664,.678,268,897,352,249,70,388,463
16,Arkansas State,30,15,15,.500,-2.77,-0.63,7,12,10,7,5,8,2120,2153,,1210,738,1612,.458,193,568,.340,484,669,.723,280,1006,408,181,62,417,629
17,Arkansas,28,18,10,.643,14.08,7.15,6,9,13,4,4,6,2083,1889,,1140,656,1558,.421,129,508,.254,448,637,.703,300,1070,279,141,87,461,590
18,Army,28,15,13,.536,-8.32,-6.88,10,7,9,5,6,8,1995,1997,,1130,740,1694,.437,245,710,.345,272,411,.662,248,992,373,175,91,333,418
19,Auburn,28,24,4,.857,14.92,6.88,11,4,16,0,4,4,2193,1968,,1150,691,1675,.413,199,611,.326,387,544,.711,294,995,313,186,90,388,599
20,Austin Peay,30,20,10,.667,-0.45,-4.48,14,3,14,0,5,9,2321,2146,,1205,781,1665,.469,208,572,.364,376,539,.698,272,980,405,178,72,456,594
21,Ball State,28,16,12,.571,3.60,-1.62,9,6,10,4,4,6,1932,1747,,1120,645,1591,.405,166,529,.314,291,431,.675,247,974,272,171,74,393,451
22,Baylor,27,25,2,.926,21.14,8.48,14,1,13,1,8,0,1927,1585,,1080,570,1467,.389,156,512,.305,289,421,.686,271,890,296,152,132,405,491
23,Belmont,30,23,7,.767,4.53,-6.47,14,3,13,1,10,5,2419,2051,,1200,771,1853,.416,214,646,.331,295,460,.641,309,1101,364,178,86,433,438
24,Bethune-Cookman,28,15,13,.536,-9.95,-8.71,9,5,9,1,4,12,2099,2026,,1125,714,1688,.423,162,577,.281,436,654,.667,327,1070,358,199,89,439,548
25,Binghamton,28,10,18,.357,-14.60,-4.52,4,11,7,7,3,11,1944,2132,,1125,789,1747,.452,220,666,.330,334,513,.651,321,1096,401,178,83,277,410
26,Boise State,30,19,11,.633,8.52,3.79,11,7,13,2,4,8,2295,2081,,1225,769,1707,.450,188,647,.291,355,494,.719,212,978,343,179,73,420,599
27,Boston College,29,13,16,.448,2.35,7.18,7,11,8,9,4,7,1876,2016,,1165,730,1647,.443,207,612,.338,349,490,.712,299,1093,385,190,93,437,490
28,Boston University,30,17,13,.567,-1.76,-5.14,11,6,9,3,8,8,2139,2013,,1215,754,1719,.439,198,604,.328,307,453,.678,257,991,347,194,86,355,480
29,Bowling Green State,28,21,7,.750,1.74,0.05,12,3,13,1,5,3,2102,2015,,1130,700,1702,.411,223,667,.334,392,573,.684,283,1067,288,153,85,331,479
30,Bradley,30,20,10,.667,4.73,0.00,11,6,15,1,4,8,2152,1982,,1210,673,1718,.392,234,754,.310,402,531,.757,288,1011,352,179,87,369,527
31,Brigham Young,30,23,7,.767,17.13,6.48,12,3,14,1,5,5,2417,2073,,1215,774,1751,.442,182,585,.311,343,493,.696,247,1007,353,186,70,390,474
32,Brown,23,13,10,.565,-4.83,-1.87,6,4,10,2,3,8,1558,1597,,920,575,1330,.432,157,475,.331,290,398,.729,207,786,275,186,90,322,454
33,Bryant,30,14,16,.467,-6.43,-6.57,6,11,9,5,5,11,2130,2077,,1205,749,1826,.410,207,667,.310,372,555,.670,337,1127,377,195,102,365,499
34,Bucknell,30,12,18,.400,-7.89,-3.96,8,9,8,4,3,12,2038,2156,,1200,759,1649,.460,180,547,.329,458,654,.700,258,1060,376,207,90,414,492
35,Buffalo,28,18,10,.643,2.42,0.08,9,6,9,5,6,4,2201,2101,,1130,773,1770,.437,184,595,.309,371,518,.716,306,1051,364,198,113,414,494
36,Butler,28,19,9,.679,14.79,9.15,7,8,12,3,4,6,1916,1758,,1125,604,1521,.397,199,591,.337,351,483,.727,238,847,325,157,89,322,468
37,Cal Poly,28,7,21,.250,-10.02,-0.06,4,10,7,6,0,13,1887,2099,,1150,708,1555,.455,210,558,.376,473,659,.718,267,1032,381,179,86,372,516
38,Cal State Bakersfield,29,12,17,.414,-6.78,-3.36,6,8,9,6,3,11,2002,1971,,1185,625,1460,.428,210,586,.358,511,714,.716,235,890,327,151,84,392,506
39,Cal State Fullerton,28,10,18,.357,-6.85,-0.93,5,8,5,8,4,9,1907,1990,,1145,710,1605,.442,173,520,.333,397,551,.721,251,1008,337,175,86,365,531
40,Cal State Northridge,29,12,17,.414,-7.53,-1.05,7,6,8,4,4,12,2178,2284,,1160,813,1752,.464,283,726,.390,375,520,.721,307,1072,448,149,93,375,528
41,California Baptist,28,20,8,.714,-0.53,-7.23,9,4,14,5,6,3,2251,1921,,1125,705,1701,.414,167,545,.306,344,515,.668,266,947,342,162,94,318,552
42,UC-Davis,29,13,16,.448,-4.46,-2.39,7,6,7,3,5,11,2127,2077,,1170,734,1599,.459,207,616,.336,402,559,.719,266,958,424,176,76,404,515
43,UC-Irvine,30,20,10,.667,4.00,-2.00,12,2,10,1,8,8,2228,1957,,1200,660,1716,.385,209,602,.347,428,607,.705,274,906,318,165,78,354,490
44,UC-Riverside,30,15,15,.500,-3.91,-4.09,5,9,10,5,5,10,1944,1835,,1205,655,1607,.408,186,527,.353,339,497,.682,219,913,325,167,83,326,474
45,UC-Santa Barbara,28,19,9,.679,-0.07,-4.23,8,5,11,3,8,6,2013,1865,,1125,679,1508,.450,188,533,.353,319,445,.717,221,820,319,125,64,332,529
46,University of California,28,12,16,.429,3.26,8.76,6,9,11,5,1,8,1762,1916,,1130,647,1524,.425,207,593,.349,415,565,.735,251,935,333,136,100,329,501
47,Campbell,29,14,15,.483,-8.51,-7.88,5,12,7,5,6,9,1984,1924,,1165,676,1540,.439,161,522,.308,411,580,.709,275,991,299,184,63,415,434
48,Canisius,28,10,18,.357,-7.85,-5.06,5,12,6,5,3,12,1916,1994,,1120,711,1562,.455,194,571,.340,378,547,.691,285,987,346,197,82,428,486
49,Central Arkansas,28,10,18,.357,-10.40,-1.77,9,8,8,3,2,14,2096,2309,,1150,811,1801,.450,246,665,.370,441,622,.709,303,1065,441,253,89,392,596
50,Central Connecticut State,30,4,26,.133,-20.42,-4.38,3,14,4,8,0,16,1880,2311,,1200,825,1791,.461,265,719,.369,396,577,.686,346,1184,463,219,127,390,481
51,Central Florida,27,14,13,.519,4.28,4.06,5,10,8,6,4,6,1858,1852,,1090,662,1581,.419,185,582,.318,343,463,.741,299,981,390,185,75,385,488
52,Central Michigan,28,13,15,.464,-2.88,-0.20,6,9,11,4,2,11,2225,2149,,1125,789,1708,.462,258,672,.384,313,437,.716,267,1050,393,184,91,463,554
53,Charleston Southern,29,13,16,.448,-13.19,-6.64,7,10,8,6,5,9,2009,2102,,1175,780,1685,.463,205,623,.329,337,487,.692,284,1083,412,200,85,385,459
54,Charlotte,26,15,11,.577,1.20,-1.49,9,6,12,1,3,10,1771,1701,,1055,625,1410,.443,180,565,.319,271,402,.674,192,814,318,184,86,357,432
55,Chattanooga,30,18,12,.600,-0.24,-2.41,9,8,9,4,7,8,2188,2049,,1205,767,1718,.446,188,626,.300,327,462,.708,236,990,348,167,90,359,505
56,Chicago State,28,4,24,.143,-28.14,-2.66,0,13,3,11,1,11,1723,2292,,1120,777,1618,.480,256,642,.399,482,649,.743,280,971,469,235,56,333,524
57,Cincinnati,27,18,9,.667,12.66,6.44,11,4,12,2,4,5,1984,1816,,1120,643,1609,.400,182,558,.326,348,474,.734,276,913,321,184,105,382,519
58,Citadel,28,6,22,.214,-13.47,-1.27,0,17,3,11,3,11,2110,2258,,1135,821,1820,.451,260,776,.335,356,510,.698,299,1080,421,215,72,393,488
59,Clemson,27,14,13,.519,10.58,7.50,8,9,10,5,3,7,1803,1720,,1095,605,1494,.405,207,651,.318,303,423,.716,232,937,319,177,66,357,431
60,Cleveland State,30,11,19,.367,-10.75,-2.41,7,10,6,8,3,11,1927,2144,,1210,721,1687,.427,219,648,.338,483,669,.722,353,1074,395,215,140,435,588
61,Coastal Carolina,29,14,15,.483,-0.73,-0.28,7,11,9,9,5,5,2260,2201,,1160,707,1674,.422,253,738,.343,534,731,.731,297,994,398,218,93,414,557
62,Colgate,30,22,8,.733,0.60,-5.37,13,4,12,1,9,7,2264,2052,,1205,773,1780,.434,214,704,.304,292,449,.650,285,1067,381,172,87,374,492
63,College of Charleston,29,16,13,.552,0.85,-0.72,10,7,9,5,6,6,2034,1964,,1160,690,1639,.421,200,624,.321,384,519,.740,298,1050,352,146,93,352,499
64,Colorado State,30,19,11,.633,7.11,4.42,10,7,11,4,5,6,2256,2153,,1220,796,1803,.441,258,761,.339,303,415,.730,256,1000,398,189,79,386,577
65,Colorado,29,21,8,.724,16.38,8.28,10,6,13,3,4,5,2064,1829,,1165,675,1653,.408,180,529,.340,299,423,.707,245,907,310,211,87,382,549
66,Columbia,26,6,20,.231,-9.12,-3.00,1,9,5,5,0,14,1739,1862,,1055,706,1587,.445,190,590,.322,260,384,.677,242,994,333,152,106,301,394
67,Connecticut,28,16,12,.571,10.62,5.30,7,8,13,3,1,7,2017,1868,,1160,653,1578,.414,157,472,.333,405,552,.734,289,991,331,202,115,445,529
68,Coppin State,29,9,20,.310,-14.41,-7.55,5,9,5,5,4,15,1974,2173,,1170,769,1820,.423,253,746,.339,382,558,.685,324,1203,438,192,75,414,482
69,Cornell,23,6,17,.261,-8.28,-2.04,3,7,6,4,0,13,1541,1603,,935,584,1320,.442,167,499,.335,268,386,.694,236,825,313,133,87,288,362
70,Creighton,28,22,6,.786,17.43,9.39,11,4,15,1,6,4,2189,1935,,1125,726,1747,.416,202,672,.301,281,394,.713,315,1034,362,135,91,353,464
71,Dartmouth,25,10,15,.400,-4.53,-3.07,3,7,6,4,3,10,1617,1603,,1010,581,1386,.419,199,608,.327,242,391,.619,187,838,299,147,62,300,393
72,Davidson,27,15,12,.556,9.42,2.79,9,6,10,1,4,7,1977,1798,,1110,633,1505,.421,180,555,.324,352,496,.710,226,884,316,141,79,310,458
73,Dayton,28,26,2,.929,18.46,3.71,15,0,15,0,8,0,2238,1825,,1135,666,1609,.414,171,522,.328,322,493,.653,284,899,313,155,77,370,506
74,Delaware State,27,3,24,.111,-22.10,-7.94,2,11,3,10,0,13,1950,2269,,1090,770,1627,.473,230,649,.354,499,704,.709,294,1086,425,229,91,394,496
75,Delaware,30,20,10,.667,-1.72,-3.75,10,7,10,3,6,6,2230,2125,,1205,752,1757,.428,236,686,.344,385,510,.755,279,991,382,198,76,347,495
76,Denver,29,6,23,.207,-10.58,-1.79,2,13,5,8,0,14,1997,2226,,1170,755,1668,.453,231,725,.319,485,642,.755,251,1042,371,185,77,373,557
77,DePaul,28,14,14,.500,8.57,8.20,2,13,10,7,4,7,2025,1986,,1130,663,1607,.413,230,675,.341,430,584,.736,301,1023,390,219,105,460,507
78,Detroit Mercy,30,7,23,.233,-9.88,-1.58,5,12,5,8,1,14,2085,2334,,1205,828,1809,.458,260,714,.364,418,579,.722,322,1111,519,190,106,365,542
79,Drake,30,18,12,.600,-0.17,-0.17,8,9,14,1,2,10,2098,2035,,1205,703,1659,.424,254,680,.374,375,503,.746,218,947,348,201,78,380,487
80,Drexel,30,13,17,.433,-5.20,-2.23,6,11,10,5,1,12,2079,2132,,1205,786,1742,.451,163,521,.313,397,527,.753,271,980,352,230,97,340,533
81,Duke,28,23,5,.821,22.83,7.79,13,4,13,2,7,3,2331,1910,,1140,708,1698,.417,138,458,.301,356,531,.670,294,964,337,208,104,429,530
82,Duquesne,27,19,8,.704,6.97,1.12,9,6,9,3,5,3,1923,1765,,1090,647,1547,.418,175,573,.305,296,447,.662,280,927,339,165,78,366,463
83,East Carolina,29,11,18,.379,-1.07,1.48,5,11,9,6,1,10,1986,2060,,1170,698,1646,.424,229,695,.329,435,661,.658,267,1008,387,200,92,391,551
84,East Tennessee State,30,26,4,.867,7.21,-1.79,15,2,15,1,11,3,2286,1889,,1200,677,1595,.424,179,597,.300,356,505,.705,257,923,309,178,91,470,583
85,Eastern Illinois,29,15,14,.517,-5.28,-7.39,8,9,10,2,4,11,2175,2025,,1170,708,1674,.423,199,567,.351,410,561,.731,293,1038,353,173,87,443,495
86,Eastern Kentucky,30,14,16,.467,-9.79,-4.43,11,6,9,4,5,10,2276,2304,,1200,813,1781,.456,202,620,.326,476,651,.731,353,1219,448,212,98,548,519
87,Eastern Michigan,28,15,13,.536,-1.68,1.24,5,10,10,4,3,9,1824,1752,,1120,611,1503,.407,250,724,.345,280,429,.653,294,984,386,187,73,480,534
88,Eastern Washington,28,20,8,.714,1.43,-1.46,13,4,11,2,9,6,2263,2049,,1130,727,1709,.425,191,556,.344,404,560,.721,278,1037,411,209,92,413,544
89,Elon,30,11,19,.367,-8.07,-1.74,7,10,8,8,3,11,2067,2160,,1205,712,1619,.440,241,672,.359,495,661,.749,240,1048,378,183,89,357,529
90,Evansville,30,9,21,.300,-6.97,0.72,0,17,5,9,3,10,2034,2239,,1230,814,1723,.472,185,507,.365,426,571,.746,256,1072,337,163,74,349,555
91,Fairfield,27,11,16,.407,-8.68,-4.49,7,9,5,6,5,8,1594,1707,,1100,611,1439,.425,181,528,.343,304,427,.712,223,859,312,162,84,334,483
92,Fairleigh Dickinson,28,10,18,.357,-10.20,-5.65,8,9,7,5,3,13,2012,2086,,1130,745,1665,.447,236,676,.349,360,514,.700,324,1016,421,183,85,358,445
93,Florida A&M,26,12,14,.462,-12.07,-5.99,10,5,8,0,4,12,1754,1912,,1060,672,1453,.462,159,518,.307,409,598,.684,273,957,331,195,95,405,529
94,Florida Atlantic,29,16,13,.552,-1.55,-1.36,8,8,14,3,2,10,2047,1987,,1170,726,1665,.436,211,640,.330,324,468,.692,254,1008,329,198,63,433,484
95,Florida Gulf Coast,30,10,20,.333,-10.17,-4.14,7,8,6,9,4,11,1843,1976,,1210,703,1679,.419,218,642,.340,352,511,.689,303,1053,350,227,89,410,428
96,Florida International,28,17,11,.607,0.20,-1.40,8,7,11,2,5,8,2145,2024,,1125,734,1764,.416,177,621,.285,379,524,.723,384,1118,359,219,82,461,458
97,Florida State,28,24,4,.857,17.54,7.54,14,3,15,0,6,4,2114,1834,,1130,623,1540,.405,192,602,.319,396,534,.742,293,918,275,152,80,470,484
98,Florida,28,18,10,.643,14.93,8.75,10,5,11,3,3,6,2032,1859,,1130,644,1548,.416,178,563,.316,393,536,.733,263,900,310,160,67,366,511
99,Fordham,27,7,20,.259,-4.21,0.23,1,14,6,11,0,7,1551,1671,,1095,578,1430,.404,203,659,.308,312,455,.686,253,1015,357,184,68,377,431
100,Fresno State,28,10,18,.357,2.26,3.70,6,11,6,7,4,10,1942,1936,,1145,672,1615,.416,235,657,.358,357,473,.755,268,966,347,159,68,295,471
101,Furman,30,24,6,.800,7.28,-1.13,14,3,13,1,10,5,2307,1988,,1210,737,1694,.435,215,701,.307,299,416,.719,286,1031,404,191,81,482,474
102,Gardner-Webb,29,14,15,.483,-5.96,-6.04,10,7,7,5,5,10,2110,2070,,1195,723,1716,.421,244,730,.334,380,531,.716,316,1037,417,179,82,372,489
103,George Mason,28,15,13,.536,1.10,1.67,4,11,10,6,2,7,1871,1887,,1125,690,1600,.431,190,609,.312,317,467,.679,285,965,344,181,101,362,507
104,George Washington,28,12,16,.429,-2.39,0.36,6,9,7,8,3,7,1880,1957,,1140,729,1637,.445,154,489,.315,345,506,.682,275,1001,323,193,103,302,490
105,Georgetown,28,15,13,.536,11.05,9.01,5,10,10,6,4,6,2119,2062,,1120,737,1710,.431,253,707,.358,335,461,.727,296,978,432,209,89,375,537
106,Georgia Southern,29,17,12,.586,0.98,-0.87,11,7,10,3,6,8,2177,2043,,1160,752,1723,.436,192,622,.309,347,493,.704,307,1109,383,163,72,460,543
107,Georgia State,29,18,11,.621,3.69,0.06,11,7,11,1,6,10,2278,2081,,1170,680,1707,.398,177,617,.287,544,740,.735,354,1077,347,185,109,460,512
108,Georgia Tech,28,14,14,.500,9.92,9.40,8,9,8,6,5,7,1925,1883,,1130,659,1625,.406,154,533,.289,411,578,.711,290,951,351,212,101,383,507
109,Georgia,28,14,14,.500,8.08,7.23,4,11,11,4,3,8,2130,2104,,1140,783,1744,.449,193,604,.320,345,529,.652,320,1013,363,185,96,380,506
110,Gonzaga,30,28,2,.933,22.88,2.42,14,1,16,0,10,1,2634,2020,,1205,775,1859,.417,200,629,.318,270,395,.684,262,942,344,187,90,414,579
111,Grambling,27,14,13,.519,-12.41,-7.84,8,6,9,2,5,10,1950,1890,,1080,646,1544,.418,201,595,.338,397,579,.686,252,891,376,176,75,383,510
112,Grand Canyon,28,12,16,.429,-6.01,-3.75,7,7,7,7,4,6,1972,2042,,1130,725,1639,.442,241,670,.360,351,486,.722,273,978,406,151,72,319,513
113,Green Bay,30,15,15,.500,-5.32,-2.72,10,7,8,5,7,10,2473,2433,,1215,852,1907,.447,274,769,.356,455,609,.747,350,1156,439,169,79,445,545
114,Hampton,30,13,17,.433,-13.23,-5.56,8,9,11,4,2,13,2324,2396,,1210,829,1845,.449,249,697,.357,489,700,.699,347,1120,455,172,94,347,612
115,Hartford,30,16,14,.533,-7.08,-5.72,9,6,8,7,8,7,1983,1999,,1205,726,1785,.407,189,688,.275,358,515,.695,345,1166,393,194,89,395,511
116,Harvard,25,18,7,.720,3.20,-1.26,7,3,10,0,7,4,1832,1668,,1020,592,1440,.411,171,505,.339,313,456,.686,228,829,268,171,62,328,462
117,Hawaii,27,16,11,.593,-0.66,-1.89,7,6,14,5,2,6,1865,1816,,1085,662,1511,.438,136,405,.336,356,495,.719,225,894,248,168,81,354,507
118,High Point,30,9,21,.300,-16.29,-5.18,6,11,6,9,3,12,1975,2243,,1210,769,1660,.463,297,762,.390,408,601,.679,271,981,464,208,108,368,572
119,Hofstra,30,22,8,.733,2.20,-3.69,13,4,9,4,11,4,2293,2080,,1200,801,1796,.446,197,642,.307,281,387,.726,306,1029,436,177,75,417,562
120,Holy Cross,30,3,27,.100,-17.25,-4.08,2,15,2,11,0,15,1997,2382,,1215,882,1786,.494,221,603,.367,397,567,.700,284,1070,417,209,93,320,432
121,Houston Baptist,26,3,23,.115,-17.55,-2.70,3,14,2,8,1,14,2077,2463,,1045,892,1714,.520,213,560,.380,466,638,.730,298,972,503,228,115,335,520
122,Houston,28,21,7,.750,16.36,5.61,11,4,12,2,6,5,2038,1737,,1125,575,1511,.381,172,594,.290,415,606,.685,261,886,315,144,61,338,537
123,Howard,28,2,26,.071,-21.48,-6.52,0,13,1,12,1,13,1950,2284,,1135,821,1720,.477,229,650,.352,413,612,.675,367,1131,512,174,77,402,484
124,Idaho State,26,6,20,.231,-8.37,-0.92,3,14,4,9,2,11,1798,1886,,1055,730,1511,.483,128,408,.314,298,400,.745,220,824,301,160,82,306,496
125,Idaho,28,7,21,.250,-11.67,-1.79,3,14,4,9,2,11,1818,2019,,1125,745,1673,.445,214,657,.326,315,458,.688,255,971,403,204,87,323,475
126,Illinois-Chicago,30,15,15,.500,-5.18,-3.66,10,7,9,6,5,9,2051,2092,,1205,730,1778,.411,199,683,.291,433,639,.678,338,1082,411,207,81,366,496
127,Illinois State,29,9,20,.310,-2.75,2.28,4,13,9,6,0,11,1914,2036,,1165,731,1638,.446,212,632,.335,362,501,.723,275,1022,379,191,76,392,445
128,Illinois,28,19,9,.679,15.28,9.06,11,6,13,3,6,5,2031,1811,,1125,686,1657,.414,180,552,.326,259,371,.698,250,882,310,166,91,327,527
129,Incarnate Word,28,9,19,.321,-18.73,-6.53,6,11,7,7,2,12,1836,2055,,1135,728,1611,.452,198,572,.346,401,532,.754,308,1008,426,186,107,408,469
130,Indiana State,28,17,11,.607,3.67,1.63,10,7,11,1,4,8,1930,1868,,1125,670,1500,.447,178,560,.318,350,504,.694,227,908,351,141,79,357,511
131,Indiana,28,18,10,.643,14.65,10.15,8,9,14,3,2,7,2003,1877,,1125,662,1574,.421,197,618,.319,356,521,.683,243,892,346,177,94,353,541
132,Iona,24,11,13,.458,-5.97,-5.14,9,8,5,5,4,7,1682,1702,,970,590,1377,.428,203,548,.370,319,496,.643,273,843,355,158,66,321,404
133,Iowa State,28,12,16,.429,10.00,9.86,5,10,11,5,0,9,2038,2034,,1125,749,1677,.447,230,631,.365,306,451,.678,320,1022,365,203,83,416,456
134,Iowa,28,19,9,.679,16.38,10.27,10,7,13,1,4,6,2189,2018,,1120,734,1697,.433,218,676,.322,332,458,.725,291,977,424,172,104,354,536
135,Purdue-Fort Wayne,30,13,17,.433,-8.03,-3.59,6,9,10,5,3,12,2062,2101,,1200,761,1701,.447,241,703,.343,338,475,.712,237,998,410,191,91,396,460
136,IUPUI,30,7,23,.233,-14.39,-3.35,3,14,4,8,3,13,2109,2381,,1210,862,1885,.457,268,732,.366,389,540,.720,356,1178,484,210,116,384,535
137,Jackson State,27,10,17,.370,-11.78,-6.26,7,7,6,3,4,14,1796,1869,,1080,626,1419,.441,162,459,.353,455,630,.722,240,978,331,157,88,435,471
138,Jacksonville State,30,12,18,.400,-8.18,-6.18,7,10,7,6,4,11,2158,2080,,1205,768,1700,.452,209,650,.322,335,484,.692,249,980,404,192,88,433,486
139,Jacksonville,30,13,17,.433,-6.35,-5.49,6,9,6,7,6,8,1998,1990,,1215,717,1776,.404,203,688,.295,353,498,.709,287,1041,315,200,94,324,479
140,James Madison,28,9,19,.321,-8.91,-2.65,2,15,6,9,3,10,2015,2136,,1120,764,1731,.441,244,709,.344,364,500,.728,274,1085,397,160,100,337,504
141,Kansas State,28,9,19,.321,7.67,8.92,2,13,8,6,1,9,1801,1836,,1125,627,1452,.432,199,585,.340,383,549,.698,269,966,335,210,114,455,495
142,Kansas,28,25,3,.893,25.92,11.74,14,1,13,1,9,1,2109,1696,,1125,620,1652,.375,200,670,.299,256,381,.672,281,905,326,183,101,374,470
143,Kennesaw State,28,1,27,.036,-22.32,-2.39,0,15,1,9,0,16,1547,2105,,1120,780,1609,.485,226,611,.370,319,488,.654,282,1059,406,179,108,355,494
144,Kent State,28,18,10,.643,3.48,-1.06,8,7,12,3,5,5,2128,1941,,1140,683,1646,.415,209,599,.349,366,517,.708,311,993,352,144,59,411,485
145,Kentucky,28,23,5,.821,15.91,6.70,13,2,15,1,7,2,2090,1832,,1130,642,1657,.387,190,631,.301,358,523,.685,305,915,296,144,89,337,553
146,La Salle,27,13,14,.481,-0.21,1.87,4,11,7,6,3,8,1825,1881,,1095,637,1503,.424,164,549,.299,443,622,.712,272,973,345,229,106,391,481
147,Lafayette,28,17,11,.607,-5.37,-6.08,9,8,8,5,9,6,1975,1916,,1120,730,1712,.426,186,606,.307,270,392,.689,269,975,319,168,56,273,396
148,Lamar,29,16,13,.552,-7.49,-6.69,10,8,10,4,6,9,2090,2003,,1170,732,1701,.430,225,653,.345,314,454,.692,333,1058,402,209,104,509,544
149,Lehigh,29,9,20,.310,-11.14,-3.59,6,11,7,6,2,14,1962,2110,,1170,736,1684,.437,235,710,.331,403,558,.722,261,970,410,198,101,343,457
150,Liberty,30,27,3,.900,6.48,-6.99,13,2,14,0,7,3,2067,1585,,1200,567,1500,.378,173,600,.288,278,400,.695,215,871,246,140,52,370,483
151,Lipscomb,28,13,15,.464,-7.95,-5.02,8,7,7,5,6,10,1980,1983,,1125,724,1658,.437,231,662,.349,304,444,.685,286,998,348,168,107,366,440
152,Cal State Long Beach,29,10,19,.345,-8.86,2.03,5,8,7,6,2,11,1932,2179,,1165,782,1763,.444,247,723,.342,368,519,.709,333,1088,451,235,76,420,528
153,Long Island University,30,14,16,.467,-7.58,-6.10,9,8,7,6,6,9,2298,2300,,1220,848,1936,.438,231,689,.335,373,531,.702,344,1182,429,187,104,412,548
154,Longwood,31,14,17,.452,-11.53,-9.15,9,9,8,6,6,11,2095,2117,,1260,733,1712,.428,253,735,.344,398,588,.677,268,1115,427,193,105,440,566
155,Louisiana,29,12,17,.414,-5.00,-0.82,7,11,8,6,3,10,2085,2174,,1165,774,1735,.446,213,654,.326,413,557,.741,299,1044,390,197,83,406,540
156,Louisiana-Monroe,28,9,19,.321,-6.78,-0.36,5,14,7,7,2,12,1774,1895,,1125,664,1591,.417,192,606,.317,375,528,.710,301,980,351,168,72,321,475
157,Louisiana State,28,19,9,.679,13.86,7.11,10,5,13,2,5,5,2247,2058,,1130,748,1767,.423,258,734,.351,304,435,.699,312,931,362,166,97,339,504
158,Louisiana Tech,28,20,8,.714,6.71,-1.48,11,5,13,1,7,7,2093,1794,,1130,622,1564,.398,198,625,.317,352,496,.710,279,961,309,136,86,412,458
159,Louisville,29,23,6,.793,17.97,7.32,14,4,16,1,6,4,2174,1865,,1170,652,1676,.389,205,683,.300,356,488,.730,279,944,305,173,94,340,505
160,Loyola (IL),30,20,10,.667,5.89,0.37,12,5,14,2,4,6,2058,1867,,1210,686,1558,.440,248,678,.366,247,373,.662,219,904,366,187,100,477,535
161,Loyola Marymount,29,10,19,.345,-0.89,4.00,4,11,7,8,2,9,1862,1956,,1165,658,1492,.441,224,680,.329,416,569,.731,241,851,395,186,102,366,517
162,Loyola (MD),30,15,15,.500,-9.12,-6.81,7,10,9,3,5,12,2202,2242,,1210,791,1811,.437,238,729,.326,422,586,.720,321,1075,433,197,93,388,617
163,Maine,28,7,21,.250,-13.55,-3.70,3,11,4,7,2,14,1709,1935,,1130,657,1529,.430,223,683,.327,398,524,.760,256,944,354,211,66,347,442
164,Manhattan,26,12,14,.462,-7.38,-6.49,8,9,7,5,5,9,1645,1668,,1050,546,1335,.409,158,452,.350,418,602,.694,256,932,315,164,81,394,495
165,Marist,26,7,19,.269,-11.47,-7.05,6,11,4,8,3,11,1591,1706,,1065,561,1358,.413,193,583,.331,391,545,.717,227,919,322,171,59,364,441
166,Marquette,27,18,9,.667,16.21,8.95,8,7,13,2,3,6,2100,1904,,1100,680,1662,.409,181,572,.316,363,555,.654,275,953,347,179,83,304,531
167,Marshall,29,14,15,.483,1.26,0.23,8,8,9,6,4,9,2167,2102,,1165,724,1786,.405,190,584,.325,464,671,.692,381,1191,292,243,82,461,434
168,Maryland-Baltimore County,29,14,15,.483,-7.95,-4.47,7,7,9,5,5,8,1985,1918,,1165,656,1629,.403,225,721,.312,381,513,.743,268,1008,332,196,87,391,521
169,Maryland-Eastern Shore,28,5,23,.179,-20.99,-4.22,4,9,4,4,1,19,1594,2001,,1130,703,1557,.452,198,586,.338,397,578,.687,296,1117,387,206,96,421,418
170,Maryland,28,23,5,.821,18.25,9.79,13,4,15,0,5,5,2010,1773,,1120,649,1661,.391,202,634,.319,273,392,.696,272,956,353,158,100,334,528
171,Massachusetts-Lowell,29,12,17,.414,-8.00,-5.64,6,8,8,8,4,9,2173,2196,,1175,823,1791,.460,217,641,.339,333,473,.704,313,1029,404,201,95,402,560
172,Massachusetts,28,13,15,.464,0.96,3.43,7,8,11,4,2,8,1915,1984,,1130,728,1593,.457,164,500,.328,364,529,.688,287,1009,402,198,65,405,498
173,McNeese State,28,13,15,.464,-8.48,-6.81,8,9,10,5,3,10,2255,2084,,1130,742,1716,.432,250,700,.357,350,477,.734,303,900,404,210,82,397,521
174,Memphis,28,19,9,.679,11.94,4.37,8,7,14,3,4,5,2033,1821,,1125,616,1685,.366,180,622,.289,409,593,.690,334,1011,332,214,84,433,549
175,Mercer,30,16,14,.533,-3.20,-2.81,10,7,8,6,8,6,2179,2131,,1200,754,1750,.431,223,696,.320,400,605,.661,289,976,383,213,77,380,480
176,Merrimack,31,20,11,.645,-7.04,-6.64,14,4,10,2,9,8,1948,1866,,1255,655,1553,.422,146,484,.302,408,575,.710,334,1140,380,157,109,539,464
177,Miami (FL),27,14,13,.519,6.26,8.26,6,11,8,4,4,7,1973,2027,,1105,774,1724,.449,210,600,.350,269,379,.710,318,1041,429,163,121,333,452
178,Miami (OH),28,11,17,.393,-5.58,-0.81,4,11,9,5,1,10,1977,1999,,1120,703,1594,.441,218,612,.356,375,557,.673,278,1042,320,152,94,358,472
179,Michigan State,28,19,9,.679,21.35,10.10,11,6,11,3,5,4,2116,1801,,1120,639,1698,.376,182,641,.284,341,489,.697,291,933,361,174,98,319,481
180,Michigan,28,18,10,.643,18.54,10.93,9,8,10,5,4,5,2111,1898,,1135,723,1723,.420,150,481,.312,302,445,.679,272,993,281,126,74,310,450
181,Middle Tennessee,28,7,21,.250,-8.37,1.51,3,12,4,9,3,9,2006,2133,,1125,745,1584,.470,206,544,.379,437,617,.708,257,1018,386,179,83,391,467
182,Milwaukee,29,12,17,.414,-7.01,-3.82,7,10,7,7,4,8,2090,2116,,1185,708,1620,.437,201,573,.351,499,694,.719,292,1092,362,170,96,443,538
183,Minnesota,27,13,14,.481,15.84,11.84,7,10,10,5,2,8,1888,1780,,1090,652,1604,.406,156,498,.313,320,452,.708,294,986,350,143,96,298,456
184,Mississippi State,28,18,10,.643,11.97,6.76,9,6,13,2,3,6,2068,1922,,1120,682,1593,.428,187,584,.320,371,508,.730,277,845,343,202,79,330,514
185,Mississippi Valley State,27,2,25,.074,-29.34,-6.82,2,13,1,8,1,17,1843,2451,,1085,886,1836,.483,231,654,.353,448,653,.686,376,1309,535,185,82,373,402
186,Mississippi,28,13,15,.464,7.48,6.63,4,11,10,5,1,9,1940,1916,,1130,649,1524,.426,158,545,.290,460,626,.735,265,970,351,172,109,390,530
187,Missouri-Kansas City,28,14,14,.500,-6.16,-2.24,6,7,8,4,4,8,1953,1867,,1145,614,1439,.427,143,483,.296,496,655,.757,256,953,302,166,121,418,452
188,Missouri State,30,14,16,.467,2.24,0.67,8,9,10,4,3,10,2086,2039,,1205,720,1660,.434,219,635,.345,380,536,.709,232,942,336,179,92,367,500
189,Missouri,28,14,14,.500,8.05,6.12,6,9,11,3,2,9,1882,1828,,1130,587,1445,.406,159,548,.290,495,680,.728,267,936,290,166,96,400,525
190,Monmouth,27,16,11,.593,-5.08,-5.20,10,6,9,1,6,9,1921,1918,,1085,636,1492,.426,213,599,.356,433,607,.713,266,1034,326,162,89,436,524
191,Montana State,28,14,14,.500,-5.50,-2.46,8,9,8,4,4,10,1869,1879,,1120,673,1621,.415,202,647,.312,331,475,.697,253,933,339,189,102,317,512
192,Montana,28,17,11,.607,0.77,-1.73,13,4,12,1,5,10,1972,1895,,1130,638,1490,.428,161,475,.339,458,638,.718,231,944,291,172,76,403,458
193,Morehead State,30,13,17,.433,-10.76,-6.30,7,10,11,4,2,13,2065,2086,,1210,767,1796,.427,218,675,.323,334,486,.687,314,1100,369,171,148,376,491
194,Morgan State,29,15,14,.517,-12.26,-8.83,9,5,8,4,7,7,2055,2057,,1175,655,1608,.407,195,628,.311,552,795,.694,316,1019,336,194,98,405,571
195,Mount St. Mary's,30,11,19,.367,-9.40,-6.37,7,10,8,5,3,14,1917,1988,,1215,717,1662,.431,216,615,.351,338,473,.715,269,1036,376,168,105,346,541
196,Murray State,29,21,8,.724,1.16,-6.88,14,3,14,0,6,6,2190,1872,,1170,658,1653,.398,191,610,.313,365,524,.697,248,909,306,178,107,378,551
197,Navy,28,14,14,.500,-7.19,-5.75,8,9,10,5,4,9,1785,1793,,1140,642,1478,.434,208,609,.342,301,444,.678,229,882,366,163,117,327,480
198,Omaha,30,16,14,.533,-4.06,-1.26,9,6,12,2,4,11,2233,2295,,1220,822,1836,.448,255,720,.354,396,539,.735,300,1082,439,166,101,356,487
199,Nebraska,28,7,21,.250,3.75,10.11,2,15,5,10,0,10,1962,2140,,1140,818,1851,.442,237,727,.326,267,400,.668,375,1267,414,151,134,389,467
200,Nevada-Las Vegas,30,16,14,.533,6.68,5.08,11,6,12,6,4,7,2154,2106,,1235,696,1645,.423,241,711,.339,473,656,.721,252,971,418,192,101,363,546
201,Nevada,29,19,10,.655,9.36,3.92,12,5,12,2,4,7,2244,2086,,1165,701,1751,.400,225,773,.291,457,645,.709,281,1034,359,140,75,313,479
202,New Hampshire,27,14,13,.519,-7.49,-5.85,7,7,9,2,5,11,1861,1784,,1095,607,1539,.394,182,593,.307,388,566,.686,215,962,257,169,83,336,476
203,New Mexico State,29,23,6,.793,2.88,-4.27,14,0,12,1,8,3,2069,1756,,1165,624,1454,.429,179,547,.327,329,447,.736,184,787,294,180,58,406,535
204,New Mexico,30,17,13,.567,2.67,2.09,6,11,14,3,2,9,2316,2278,,1200,839,1868,.449,284,810,.351,316,459,.688,333,1071,496,209,77,436,588
205,New Orleans,27,8,19,.296,-13.13,-4.13,4,13,5,8,3,11,2042,2067,,1080,735,1501,.490,183,517,.354,412,566,.728,261,899,419,175,116,443,522
206,Niagara,28,10,18,.357,-11.07,-3.97,8,9,8,3,2,15,1828,2027,,1125,740,1622,.456,241,670,.360,306,431,.710,344,1115,454,127,95,395,427
207,Nicholls State,29,19,10,.655,-5.13,-5.53,13,5,11,1,7,8,2216,2020,,1170,698,1610,.434,167,541,.309,458,634,.722,323,1069,382,189,82,546,485
208,NJIT,28,8,20,.286,-10.84,-4.58,5,10,5,7,3,13,1779,1920,,1120,685,1538,.445,187,540,.346,363,504,.720,245,1002,354,151,97,345,461
209,Norfolk State,28,13,15,.464,-8.07,-8.15,9,4,10,2,2,12,1950,1818,,1125,600,1486,.404,182,606,.300,436,622,.701,269,977,364,160,86,453,494
210,North Alabama,28,12,16,.429,-8.70,-5.47,7,8,9,4,3,12,1912,1937,,1120,674,1560,.432,168,515,.326,421,612,.688,267,982,290,151,104,388,531
211,North Carolina-Asheville,28,14,14,.500,-9.99,-8.34,8,9,9,5,5,9,2123,2100,,1125,764,1515,.504,173,463,.374,399,605,.660,257,1006,394,136,78,476,512
212,North Carolina A&T,29,15,14,.517,-9.33,-6.83,11,3,11,1,3,11,2069,2077,,1170,717,1745,.411,199,682,.292,444,706,.629,350,1173,375,205,93,485,589
213,North Carolina Central,27,14,13,.519,-10.43,-7.93,10,3,10,0,4,13,1830,1740,,1085,617,1484,.416,179,591,.303,327,472,.693,301,935,324,164,81,477,429
214,North Carolina-Greensboro,30,23,7,.767,6.85,-1.51,13,4,14,4,9,3,2232,1868,,1215,642,1538,.417,212,625,.339,372,556,.669,258,1016,322,174,74,548,500
215,North Carolina State,28,17,11,.607,11.48,6.59,8,9,12,4,5,6,2085,1948,,1125,688,1622,.424,171,545,.314,401,582,.689,313,1042,302,182,95,397,470
216,North Carolina-Wilmington,30,10,20,.333,-8.62,-0.62,5,12,8,7,1,12,2066,2146,,1210,776,1764,.440,216,678,.319,378,553,.684,306,1103,380,195,76,390,499
217,North Carolina,28,11,17,.393,8.81,9.67,4,13,6,8,2,8,1991,2015,,1140,716,1703,.420,235,702,.335,348,470,.740,248,963,379,197,113,329,526
218,North Dakota State,29,21,8,.724,0.84,-3.83,12,3,12,1,8,6,2145,1925,,1165,719,1643,.438,176,522,.337,311,428,.727,173,913,279,143,77,305,481
219,North Dakota,29,13,16,.448,-5.92,-1.31,7,8,8,3,4,12,2203,2174,,1170,806,1773,.455,204,557,.366,358,490,.731,257,962,352,194,82,327,532
220,North Florida,31,20,11,.645,-0.07,-2.89,13,3,12,1,7,9,2421,2255,,1240,872,1903,.458,145,469,.309,366,520,.704,345,1111,457,181,88,354,468
221,North Texas,29,19,10,.655,8.12,1.79,13,3,12,3,7,5,2082,1834,,1160,626,1479,.423,186,544,.342,396,571,.694,265,850,297,199,89,405,489
222,Northeastern,29,15,14,.517,1.66,-3.51,9,8,7,5,7,7,2074,1924,,1165,700,1535,.456,187,576,.325,337,471,.715,208,863,303,155,67,384,448
223,Northern Arizona,27,16,11,.593,-3.60,-1.96,10,8,9,4,6,7,1943,1874,,1085,687,1506,.456,194,550,.353,306,420,.729,221,889,353,149,67,355,458
224,Northern Colorado,28,20,8,.714,5.88,-2.97,13,4,11,2,7,5,2093,1752,,1130,689,1565,.440,107,370,.289,267,382,.699,209,897,231,132,80,322,418
225,Northern Illinois,28,17,11,.607,-1.24,-2.28,10,5,10,3,7,8,1877,1801,,1125,626,1570,.399,202,683,.296,347,481,.721,247,960,322,143,90,317,459
226,Northern Iowa,29,24,5,.828,10.34,1.57,13,4,16,0,7,4,2204,1886,,1175,700,1671,.419,212,631,.336,274,403,.680,235,869,306,204,61,303,441
227,Northern Kentucky,29,21,8,.724,-0.24,-5.06,13,4,11,3,10,5,2104,1894,,1170,695,1672,.416,173,581,.298,331,494,.670,323,1064,374,159,63,422,526
228,Northwestern State,26,12,14,.462,-11.79,-6.14,9,8,8,5,4,9,1899,1955,,1045,661,1644,.402,197,582,.338,436,606,.719,343,998,357,228,67,353,464
229,Northwestern,27,6,21,.222,4.88,10.21,1,16,4,11,1,9,1746,1890,,1085,669,1572,.426,222,660,.336,330,453,.728,286,1018,432,141,92,289,411
230,Notre Dame,28,18,10,.643,10.91,5.12,9,8,14,3,4,6,2088,1926,,1130,737,1774,.415,217,643,.337,233,332,.702,316,1081,377,159,92,332,428
231,Oakland,30,12,18,.400,-6.06,-2.68,7,10,7,5,3,11,2028,2098,,1220,760,1802,.422,272,815,.334,306,452,.677,337,1075,447,203,83,369,582
232,Ohio State,28,19,9,.679,19.22,9.50,9,8,13,2,4,6,2017,1745,,1120,610,1562,.391,203,610,.333,322,472,.682,260,881,293,136,82,344,521
233,Ohio,28,14,14,.500,0.13,0.33,6,9,10,5,3,7,1991,1919,,1120,665,1583,.420,212,623,.340,377,487,.774,245,956,311,175,70,368,498
234,Oklahoma State,28,14,14,.500,11.01,10.76,4,11,8,6,4,7,1868,1861,,1120,632,1574,.402,218,710,.307,379,535,.708,292,999,377,169,97,390,486
235,Oklahoma,28,17,11,.607,13.22,10.51,7,8,12,2,2,8,1975,1899,,1120,704,1751,.402,238,706,.337,253,348,.727,291,1061,331,175,70,328,479
236,Old Dominion,28,11,17,.393,0.05,0.47,7,8,8,4,3,10,1810,1822,,1125,605,1511,.400,231,699,.330,381,537,.709,219,964,334,133,114,361,439
237,Oral Roberts,28,15,13,.536,1.67,-1.41,8,7,12,1,3,12,2265,2072,,1130,748,1669,.448,222,649,.342,354,497,.712,259,968,380,127,96,376,485
238,Oregon State,28,15,13,.536,9.13,6.02,5,11,10,4,3,8,1994,1907,,1120,677,1574,.430,200,575,.348,353,484,.729,279,942,370,158,89,340,525
239,Oregon,29,22,7,.759,17.49,9.35,11,5,15,0,5,5,2182,1946,,1195,680,1673,.406,222,684,.325,364,501,.727,325,987,358,120,103,393,446
240,Pacific,31,22,9,.710,4.29,0.05,10,5,15,3,6,5,2175,1992,,1275,666,1614,.413,201,593,.339,459,653,.703,197,864,271,171,76,383,568
241,Penn State,28,21,7,.750,17.41,8.80,11,6,14,2,5,4,2119,1878,,1120,672,1664,.404,174,546,.319,360,533,.675,292,1036,321,160,84,383,510
242,Pennsylvania,23,13,10,.565,0.36,0.32,5,5,6,3,5,6,1682,1633,,925,614,1459,.421,144,444,.324,261,371,.704,247,884,242,162,63,274,360
243,Pepperdine,29,15,14,.517,2.59,3.01,8,7,9,4,6,7,2211,2223,,1175,778,1698,.458,243,632,.384,424,593,.715,283,1044,461,191,81,413,572
244,Pittsburgh,29,15,14,.517,7.07,6.76,6,12,11,7,2,7,1883,1874,,1165,682,1606,.425,223,653,.342,287,407,.705,335,1048,402,148,115,446,523
245,Portland State,29,15,14,.517,-1.97,-2.12,9,8,9,3,5,11,2273,2191,,1160,813,1732,.469,180,535,.336,385,529,.728,329,1028,456,168,101,441,511
246,Portland,30,9,21,.300,-6.59,1.84,1,14,7,9,2,8,1996,2160,,1210,784,1812,.433,249,733,.340,343,525,.653,331,1139,470,212,82,403,561
247,Prairie View,27,16,11,.593,-5.17,-6.81,12,2,9,0,6,10,1931,1837,,1085,603,1407,.429,164,548,.299,467,683,.684,242,902,314,158,90,474,547
248,Presbyterian,30,9,21,.300,-14.89,-6.39,6,11,6,6,3,13,2015,2200,,1210,753,1666,.452,267,739,.361,427,612,.698,280,1000,405,218,99,352,501
249,Princeton,23,12,11,.522,-2.01,-1.10,7,3,6,5,4,5,1634,1608,,925,609,1294,.471,129,387,.333,261,348,.750,180,717,253,150,76,274,379
250,Providence,28,16,12,.571,11.97,7.87,9,6,11,3,4,6,1983,1868,,1125,636,1518,.419,179,561,.319,417,582,.716,269,999,333,194,99,421,529
251,Purdue,29,15,14,.517,16.12,10.40,8,10,11,4,3,8,1969,1803,,1185,628,1544,.407,196,650,.302,351,494,.711,259,940,375,149,104,388,471
252,Quinnipiac,27,12,15,.444,-8.35,-6.27,7,10,8,5,3,9,1888,1944,,1080,731,1697,.431,218,604,.361,264,385,.686,261,930,410,186,84,258,441
253,Radford,29,20,9,.690,-1.84,-5.29,15,2,10,2,9,6,2100,1911,,1165,658,1589,.414,229,721,.318,366,537,.682,273,943,355,122,80,323,527
254,Rhode Island,27,20,7,.741,10.61,4.32,12,3,12,1,7,5,2017,1847,,1090,674,1630,.413,182,624,.292,317,457,.694,289,1018,349,151,87,418,506
255,Rice,28,13,15,.464,-3.28,-0.13,5,10,7,6,4,8,2066,2090,,1120,775,1704,.455,219,668,.328,321,468,.686,266,1009,378,175,78,337,487
256,Richmond,28,21,7,.750,10.21,2.60,11,4,12,2,8,3,2087,1874,,1130,672,1609,.418,197,654,.301,333,478,.697,277,1010,313,164,87,398,435
257,Rider,27,15,12,.556,-3.97,-5.23,9,8,9,1,4,11,1937,1903,,1080,677,1580,.428,234,712,.329,315,461,.683,227,899,362,184,97,365,521
258,Robert Morris,30,16,14,.533,-5.93,-6.34,12,5,8,3,7,11,2073,2021,,1200,734,1621,.453,193,594,.325,360,503,.716,278,1027,383,186,110,444,463
259,Rutgers,29,18,11,.621,15.32,9.35,9,9,17,1,1,8,2019,1807,,1165,634,1648,.385,215,672,.320,324,458,.707,277,986,347,161,104,382,497
260,Sacramento State,27,15,12,.556,-1.67,-2.59,8,10,10,3,4,9,1690,1582,,1080,559,1356,.412,127,397,.320,337,440,.766,216,837,275,140,78,389,447
261,Sacred Heart,30,18,12,.600,-4.65,-7.61,11,6,7,4,10,7,2211,2081,,1200,785,1909,.411,210,645,.326,301,436,.690,344,1048,434,202,108,345,575
262,Saint Francis (PA),28,20,8,.714,-2.20,-6.65,13,4,11,2,8,6,2179,2010,,1125,727,1636,.444,212,636,.333,344,477,.721,268,916,361,165,96,394,514
263,Saint Joseph's,28,5,23,.179,-5.56,5.69,1,14,3,9,2,11,1915,2230,,1125,800,1724,.464,221,589,.375,409,563,.726,275,1087,408,198,121,286,465
264,Saint Louis,28,20,8,.714,8.28,2.91,9,6,14,3,4,4,2010,1852,,1135,630,1549,.407,202,619,.326,390,561,.695,251,934,311,190,99,381,535
265,Saint Mary's (CA),30,24,6,.800,12.49,3.80,11,4,14,3,6,2,2277,1974,,1230,743,1660,.448,173,532,.325,315,443,.711,222,895,284,121,93,349,491
266,Saint Peter's,27,15,12,.556,-3.67,-5.93,12,6,10,3,5,9,1797,1736,,1085,578,1432,.404,171,517,.331,409,580,.705,257,868,311,210,130,404,487
267,Sam Houston State,29,18,11,.621,-4.47,-6.91,11,7,12,3,6,8,2300,2103,,1185,684,1635,.418,219,694,.316,516,695,.742,280,1004,368,198,90,540,539
268,Samford,31,9,22,.290,-12.94,-0.51,3,14,6,8,3,14,2286,2537,,1250,936,2043,.458,326,911,.358,339,499,.679,392,1205,576,241,106,440,577
269,San Diego State,28,27,1,.964,18.90,3.42,16,1,14,1,10,0,2102,1640,,1120,569,1501,.379,175,620,.282,325,453,.717,254,893,296,153,54,398,494
270,San Diego,30,9,21,.300,-2.99,4.70,2,13,6,8,3,10,1976,2173,,1215,802,1786,.449,188,579,.325,381,543,.702,270,1051,384,208,96,390,528
271,San Francisco,30,19,11,.633,7.56,3.73,8,7,12,5,6,6,2246,2084,,1215,758,1694,.447,194,499,.389,374,518,.722,235,1005,326,187,91,400,507
272,San Jose State,29,7,22,.241,-7.19,5.13,3,14,6,9,1,12,2032,2352,,1165,853,1805,.473,222,625,.355,424,616,.688,310,1177,544,212,71,376,542
273,Santa Clara,30,18,12,.600,2.29,1.11,5,10,15,5,3,7,2276,2151,,1205,745,1757,.424,188,565,.333,473,666,.710,294,1075,375,204,86,422,542
274,Seattle,28,14,14,.500,-4.07,-4.07,7,6,9,4,3,9,2090,2022,,1140,684,1622,.422,179,578,.310,475,649,.732,264,1033,338,151,88,383,579
275,Seton Hall,27,20,7,.741,17.25,9.32,12,3,11,3,7,3,2016,1802,,1080,631,1612,.391,160,532,.301,380,536,.709,325,1001,303,180,85,390,501
276,Siena,26,16,10,.615,-1.81,-5.05,12,5,13,0,3,10,1889,1805,,1055,656,1497,.438,174,526,.331,319,426,.749,226,835,292,142,97,321,482
277,South Alabama,29,18,11,.621,-0.54,-1.00,11,7,9,5,7,5,2073,1975,,1165,704,1657,.425,262,763,.343,305,435,.701,305,984,396,156,111,403,515
278,South Carolina State,26,11,15,.423,-15.32,-8.53,6,8,8,3,3,12,1827,1951,,1055,703,1531,.459,184,548,.336,361,535,.675,257,875,318,145,83,307,482
279,South Carolina Upstate,30,11,19,.367,-13.42,-5.64,6,11,8,6,3,13,2057,2216,,1200,755,1640,.460,223,650,.343,483,663,.729,272,1078,361,175,92,403,502
280,South Carolina,28,17,11,.607,10.34,6.05,9,6,11,5,6,4,2032,1912,,1125,587,1504,.390,177,602,.294,561,772,.727,277,980,321,170,101,442,570
281,South Dakota State,31,22,9,.710,2.74,-4.12,13,3,16,0,6,9,2419,2179,,1255,811,1930,.420,218,719,.303,339,498,.681,329,1046,347,202,98,347,576
282,South Dakota,30,19,11,.633,-1.54,-3.54,9,6,12,2,5,8,2399,2233,,1200,805,1770,.455,219,614,.357,404,545,.741,219,959,340,156,76,341,609
283,South Florida,28,12,16,.429,4.99,4.84,5,10,9,6,2,6,1751,1747,,1130,618,1393,.444,186,558,.333,325,471,.690,205,859,312,187,84,431,497
284,Southeast Missouri State,30,7,23,.233,-14.28,-5.00,3,14,6,7,0,15,1976,2220,,1205,800,1702,.470,231,628,.368,389,560,.695,278,1085,452,168,100,379,545
285,Southeastern Louisiana,28,6,22,.214,-16.57,-5.05,3,14,4,8,2,13,1924,2193,,1135,760,1591,.478,195,576,.339,478,638,.749,298,1062,432,210,87,489,514
286,Southern California,29,20,9,.690,11.31,7.14,9,7,12,2,5,6,2054,1933,,1175,688,1772,.388,219,694,.316,338,489,.691,318,1029,353,230,86,376,539
287,SIU Edwardsville,30,8,22,.267,-13.87,-5.77,5,12,4,9,4,13,2021,2191,,1200,732,1682,.435,224,689,.325,503,684,.735,307,1075,448,182,97,403,508
288,Southern Illinois,30,16,14,.533,0.42,-0.03,10,7,12,3,3,9,1884,1843,,1205,702,1645,.427,176,574,.307,263,387,.680,299,1048,373,188,90,398,481
289,Southern Methodist,27,19,8,.704,8.25,3.00,9,6,15,1,4,7,2008,1866,,1105,657,1554,.423,231,660,.350,321,435,.738,268,864,394,192,82,345,469
290,Southern Mississippi,28,9,19,.321,-5.31,3.29,5,10,8,6,1,10,1872,2030,,1125,694,1604,.433,247,742,.333,395,536,.737,271,946,366,207,71,349,413
291,Southern Utah,28,14,14,.500,0.01,-1.61,7,10,8,5,5,9,2017,1845,,1135,634,1614,.393,167,567,.295,410,569,.721,234,903,312,162,119,351,511
292,Southern,28,13,15,.464,-10.83,-8.99,10,5,8,1,4,14,1918,1883,,1125,633,1457,.434,146,475,.307,471,688,.685,234,884,271,167,93,390,491
293,St. Bonaventure,28,18,10,.643,3.94,1.72,10,5,8,5,7,5,1940,1855,,1130,642,1545,.416,232,699,.332,339,498,.681,259,929,389,150,85,346,450
294,St. Francis (NY),29,12,17,.414,-11.43,-7.11,6,11,9,5,3,12,2025,2082,,1165,729,1672,.436,197,551,.358,427,611,.699,296,1092,337,158,86,400,477
295,St. John's (NY),28,14,14,.500,9.89,6.89,3,12,11,6,1,7,2078,1994,,1120,679,1652,.411,223,699,.319,413,612,.675,333,1150,397,146,124,481,488
296,Stanford,28,19,9,.679,14.38,5.70,8,7,13,4,4,4,1968,1725,,1130,609,1559,.391,169,588,.287,338,496,.681,287,967,284,176,109,438,494
297,Stephen F. Austin,28,25,3,.893,3.73,-7.11,16,1,14,1,11,2,2259,1872,,1125,603,1421,.424,197,557,.354,469,649,.723,242,829,329,217,100,617,607
298,Stetson,30,15,15,.500,-10.39,-5.43,9,6,7,6,7,8,1907,1976,,1205,686,1653,.415,269,799,.337,335,494,.678,291,949,422,170,94,358,517
299,Stony Brook,29,18,11,.621,-1.50,-4.07,9,5,9,4,7,7,2030,1911,,1170,675,1738,.388,235,728,.323,326,471,.692,303,1053,389,186,86,394,498
300,Syracuse,28,16,12,.571,12.28,7.35,9,8,11,6,5,4,2069,1931,,1125,657,1623,.405,246,780,.315,371,509,.729,329,1028,476,173,74,388,494
301,Temple,28,14,14,.500,6.94,5.87,6,9,8,5,4,7,1945,1915,,1135,673,1681,.400,220,710,.310,349,486,.718,283,1070,382,189,117,381,485
302,Tennessee-Martin,28,8,20,.286,-14.43,-3.86,4,13,5,6,2,12,2107,2304,,1125,853,1721,.496,278,716,.388,320,465,.688,324,993,516,185,88,351,480
303,Tennessee State,30,17,13,.567,-6.52,-5.49,9,8,11,2,4,11,2168,2148,,1205,729,1762,.414,209,658,.318,481,663,.725,310,978,324,196,81,371,502
304,Tennessee Tech,30,9,21,.300,-13.72,-4.58,6,11,6,8,3,11,1962,2166,,1210,802,1734,.463,236,653,.361,326,462,.706,281,1063,478,212,96,413,403
305,Tennessee,28,15,13,.536,11.07,7.57,7,8,10,5,3,7,1872,1774,,1120,609,1543,.395,169,529,.319,387,551,.702,295,937,275,217,85,364,544
306,Texas A&M-Corpus Christi,28,11,17,.393,-10.97,-5.74,7,10,7,6,4,11,1814,1912,,1120,650,1531,.425,163,541,.301,449,612,.734,276,889,349,238,95,362,497
307,Texas A&M,27,14,13,.519,3.93,6.08,8,7,10,6,4,3,1689,1747,,1085,609,1493,.408,239,741,.323,290,387,.749,298,938,392,181,100,408,516
308,Texas-Arlington,29,13,16,.448,2.86,2.56,9,9,8,6,5,9,2034,1975,,1160,697,1686,.413,185,612,.302,396,582,.680,309,1098,372,147,92,361,490
309,Texas Christian,28,15,13,.536,9.27,9.09,6,9,13,4,1,8,1827,1801,,1135,656,1517,.432,188,521,.361,301,458,.657,271,931,424,172,109,401,426
310,Texas-El Paso,28,14,14,.500,-1.27,0.17,5,10,12,4,1,9,1867,1846,,1125,649,1556,.417,175,575,.304,373,529,.705,257,985,298,170,69,392,500
311,Texas-Rio Grande Valley,28,12,16,.429,-7.66,-3.58,7,7,10,3,2,11,2022,1987,,1130,673,1462,.460,190,516,.368,451,632,.714,247,968,404,159,64,487,526
312,Texas-San Antonio,28,12,16,.429,-2.47,0.57,6,9,9,4,3,8,2190,2166,,1140,745,1699,.438,232,677,.343,444,637,.697,276,1073,350,160,99,391,508
313,Texas Southern,27,13,14,.481,-10.19,-4.46,10,4,8,1,5,13,1948,2059,,1095,725,1672,.434,207,600,.345,402,559,.719,303,1013,381,201,107,398,565
314,Texas State,29,19,10,.655,5.47,-0.31,12,6,14,3,5,7,2113,1847,,1160,620,1536,.404,190,581,.327,417,581,.718,297,981,316,146,96,435,534
315,Texas Tech,28,18,10,.643,17.32,7.39,9,6,13,2,3,6,2042,1764,,1135,611,1510,.405,161,536,.300,376,538,.699,276,925,273,173,94,461,545
316,Texas,28,17,11,.607,10.60,9.24,7,8,11,5,4,5,1810,1772,,1120,645,1528,.422,135,418,.323,347,531,.653,314,999,279,180,86,391,404
317,Toledo,28,14,14,.500,1.23,-1.48,6,9,7,6,7,8,2112,1980,,1125,717,1722,.416,224,640,.350,322,457,.705,309,1001,328,192,84,331,518
318,Towson,30,18,12,.600,0.44,-1.52,11,6,9,5,7,4,2121,1981,,1210,682,1687,.404,236,728,.324,381,517,.737,279,956,361,143,83,331,514
319,Troy,29,9,20,.310,-8.79,-1.60,5,13,6,8,3,12,2004,2120,,1170,729,1666,.438,220,658,.334,442,630,.702,313,1111,405,193,106,424,512
320,Tulane,28,12,16,.429,0.43,2.82,4,12,7,5,3,7,1907,1974,,1125,713,1566,.455,238,692,.344,310,450,.689,277,1068,450,143,80,446,504
321,Tulsa,28,19,9,.679,7.91,3.09,11,4,14,2,5,6,1920,1785,,1140,628,1583,.397,213,726,.293,316,445,.710,290,965,334,205,97,407,533
322,UCLA,29,18,11,.621,9.33,7.72,11,5,12,4,5,4,2032,1961,,1170,665,1551,.429,222,589,.377,409,555,.737,242,891,311,168,89,380,538
323,Utah State,30,23,7,.767,14.37,3.84,12,5,15,1,4,5,2313,1905,,1215,682,1743,.391,226,734,.308,315,456,.691,240,943,320,197,99,387,577
324,Utah Valley,29,11,18,.379,-7.19,-4.15,5,9,6,6,5,12,2054,2070,,1170,736,1733,.425,166,511,.325,432,578,.747,272,1043,350,172,108,366,555
325,Utah,28,15,13,.536,8.66,7.73,6,10,11,2,1,9,1977,1951,,1130,735,1678,.438,214,597,.358,267,368,.726,271,932,370,186,106,349,542
326,Valparaiso,30,16,14,.533,1.94,1.08,9,8,11,2,4,9,2185,2133,,1215,776,1710,.454,214,597,.358,367,530,.692,277,1065,404,191,84,442,488
327,Vanderbilt,28,9,19,.321,2.99,5.92,1,14,9,10,0,8,1992,2074,,1130,733,1571,.467,181,513,.353,427,581,.735,267,1014,363,156,107,393,560
328,Vermont,29,22,7,.759,6.21,-4.18,12,2,10,3,11,3,2040,1700,,1160,581,1553,.374,198,627,.316,340,477,.713,239,946,296,169,75,374,500
329,Villanova,28,22,6,.786,17.29,9.72,11,4,12,2,7,3,2066,1854,,1125,712,1651,.431,162,517,.313,268,382,.702,246,958,335,162,96,322,454
330,Virginia Commonwealth,28,17,11,.607,9.85,4.07,7,8,13,3,4,6,1976,1814,,1120,634,1511,.420,174,518,.336,372,526,.707,287,1027,330,188,92,485,485
331,VMI,30,8,22,.267,-6.79,-2.16,3,14,5,10,2,11,2149,2114,,1220,722,1664,.434,219,669,.327,451,632,.714,291,1069,393,163,84,395,449
332,Virginia Tech,28,15,13,.536,8.76,5.19,6,11,11,6,3,5,1960,1860,,1150,676,1628,.415,222,694,.320,286,420,.681,249,1029,360,111,96,334,406
333,Virginia,27,20,7,.741,11.60,6.67,12,5,12,3,6,4,1556,1423,,1095,518,1392,.372,175,595,.294,212,310,.684,213,822,247,183,67,318,375
334,Wagner,28,8,20,.286,-14.27,-5.49,5,12,5,7,3,13,1923,2130,,1135,701,1529,.458,241,630,.383,487,690,.706,264,964,419,193,90,363,489
335,Wake Forest,27,12,15,.444,7.48,8.11,5,12,8,5,1,9,1973,1990,,1100,694,1618,.429,189,582,.325,413,587,.704,267,962,342,200,102,309,565
336,Washington State,28,14,14,.500,4.39,3.75,5,10,11,5,1,7,1939,1921,,1130,715,1578,.453,161,500,.322,330,481,.686,239,1040,318,146,100,425,511
337,Washington,28,13,15,.464,12.17,7.49,3,12,10,6,1,7,1956,1825,,1130,636,1686,.377,194,639,.304,359,506,.709,348,1002,381,189,54,377,516
338,Weber State,27,11,16,.407,-8.00,0.29,7,9,8,4,3,8,1877,1909,,1090,727,1620,.449,191,545,.350,264,373,.708,237,925,379,162,68,326,443
339,West Virginia,28,19,9,.679,18.69,10.22,7,8,13,1,3,8,1964,1727,,1125,581,1512,.384,160,564,.284,405,568,.713,273,906,278,209,92,445,598
340,Western Carolina,28,18,10,.643,-0.14,-2.10,10,7,10,4,8,6,2232,2096,,1130,748,1729,.433,219,714,.307,381,528,.722,255,931,338,187,101,348,539
341,Western Illinois,25,5,20,.200,-14.32,-2.84,2,13,4,10,1,10,1871,2057,,1010,734,1528,.480,205,539,.380,384,513,.749,212,957,308,121,66,288,392
342,Western Kentucky,28,19,9,.679,4.39,0.91,12,4,12,2,5,5,2134,1997,,1140,772,1755,.440,200,666,.300,253,349,.725,314,1012,359,155,82,385,524
343,Western Michigan,28,11,17,.393,-5.95,-0.03,4,11,8,5,3,10,1937,2022,,1135,727,1673,.435,208,634,.328,360,519,.694,292,1034,349,173,82,324,543
344,Wichita State,28,21,7,.750,13.47,5.18,9,6,16,2,4,4,2022,1790,,1130,603,1544,.391,159,536,.297,425,608,.699,246,976,276,178,113,415,536
345,William & Mary,30,20,10,.667,-2.07,-2.69,12,5,10,2,10,7,2139,2061,,1200,757,1781,.425,207,607,.341,340,473,.719,251,957,335,204,87,298,484
346,Winthrop,30,20,10,.667,0.77,-5.73,14,3,10,4,10,6,2421,2151,,1215,736,1675,.439,210,640,.328,469,704,.666,262,1002,379,199,101,447,609
347,Wisconsin,28,18,10,.643,15.57,10.78,11,6,13,1,5,6,1888,1754,,1125,654,1577,.415,175,519,.337,271,389,.697,250,955,313,145,82,312,467
348,Wofford,30,16,14,.533,0.24,-1.65,8,9,10,5,6,9,2176,2054,,1215,727,1652,.440,231,708,.326,369,522,.707,244,946,376,180,71,386,480
349,Wright State,30,24,6,.800,3.06,-6.77,14,3,14,2,8,3,2460,2129,,1215,792,1904,.416,191,622,.307,354,497,.712,345,1103,320,189,84,431,603
350,Wyoming,29,7,22,.241,-4.31,4.47,2,15,4,13,3,7,1779,2011,,1175,702,1617,.434,219,676,.324,388,562,.690,280,1100,344,182,69,375,509
351,Xavier,28,18,10,.643,12.94,9.11,7,8,12,4,4,5,1983,1876,,1145,674,1677,.402,179,610,.293,349,484,.721,288,998,338,195,98,362,505
352,Yale,26,20,6,.769,7.57,-1.81,8,2,8,1,10,5,2006,1674,,1080,599,1547,.387,185,615,.301,291,402,.724,212,835,307,176,76,317,461
353,Youngstown State,30,16,14,.533,-5.77,-4.77,9,8,12,4,4,10,2204,2158,,1215,788,1788,.441,206,586,.352,376,539,.698,311,1051,389,167,100,359,511
