,,Overall,Overall,Overall,Overall,Overall,Overall,Conf.,Conf.,Home,Home,Away,Away,Points,Points,,School Totals,School Totals,School Totals,School Totals,School Totals,School Totals,School Totals,School Totals,School Totals,School Totals,School Totals,School Totals,School Totals,School Totals,School Totals,School Totals,School Totals
Rk,School,G,W,L,W-L%,SRS,SOS,W,L,W,L,W,L,Tm.,Opp.,,MP,FG,FGA,FG%,3P,3PA,3P%,FT,FTA,FT%,ORB,TRB,AST,STL,BLK,TOV,PF
1,Abilene Christian,28,18,10,.643,-2.34,-6.71,13,4,12,2,6,8,2134,1809,,1135,735,1633,.450,193,616,.313,471,629,.749,303,940,418,262,74,399,598
2,Air Force,29,11,18,.379,-0.74,2.34,5,12,8,7,3,8,2127,2156,,1160,725,1601,.453,248,662,.375,429,588,.730,218,957,427,142,43,361,487
3,Akron,28,21,7,.750,6.85,-0.69,11,4,13,2,7,4,2109,1846,,1120,713,1627,.438,261,718,.364,422,550,.767,280,1055,368,140,85,363,494
4,Alabama A&M,25,7,18,.280,-18.45,-8.89,4,10,5,4,2,13,1556,1795,,1005,553,1457,.380,133,479,.278,317,467,.679,246,870,266,146,51,303,446
5,Alabama-Birmingham,29,17,12,.586,-0.93,-1.45,8,8,10,6,5,6,1949,1890,,1160,709,1560,.454,151,467,.323,380,549,.692,306,1075,303,172,81,429,470
6,Alabama State,27,8,19,.296,-15.64,-6.08,7,7,4,3,2,13,1664,1922,,1080,577,1478,.390,177,573,.309,333,533,.625,241,867,266,163,51,420,528
7,Alabama,28,15,13,.536,12.32,8.17,7,8,9,4,4,7,2323,2207,,1140,790,1792,.441,309,872,.354,434,627,.692,325,1116,410,179,129,420,560
8,Albany (NY),29,14,15,.483,-8.75,-6.61,7,7,7,6,5,9,1943,1977,,1165,658,1597,.412,227,696,.326,400,567,.705,236,1006,373,162,87,404,481
9,Alcorn State,26,13,13,.500,-15.27,-9.68,9,6,9,1,4,12,1972,1910,,1050,693,1616,.429,241,651,.370,345,460,.750,293,975,354,213,82,374,465
10,American,28,15,13,.536,-4.90,-5.82,11,6,10,3,5,10,2000,1974,,1125,743,1622,.458,191,564,.339,323,459,.704,247,907,356,215,98,348,488
11,Appalachian State,29,16,13,.552,-0.22,0.16,10,8,9,4,6,8,1980,1931,,1165,689,1596,.432,195,625,.312,407,611,.666,283,1026,343,217,67,383,453
12,Arizona State,28,19,9,.679,11.85,7.85,10,5,12,2,6,4,2061,1949,,1120,740,1706,.434,202,614,.329,379,551,.688,278,1008,305,219,95,373,516
13,Arizona,28,19,9,.679,20.27,8.20,9,6,12,3,4,5,2158,1820,,1130,751,1668,.450,201,577,.348,455,619,.735,303,1051,427,190,104,322,509
14,Little Rock,29,20,9,.690,2.31,-1.16,14,4,12,2,8,7,2109,1994,,1160,726,1549,.469,174,511,.341,483,675,.716,289,1031,427,201,105,450,536
15,Arkansas-Pine Bluff,27,4,23,.148,-20.84,-5.26,3,12,2,7,2,16,1442,1839,,1085,525,1331,.394,109,385,.283,283,484,.585,236,850,255,197,90,467,557
16,Arkansas State,30,15,15,.500,-2.77,-0.63,7,12,10,7,5,8,2120,2153,,1210,699,1596,.438,173,505,.343,549,772,.711,295,980,422,201,81,389,616
17,Arkansas,28,18,10,.643,14.08,7.15,6,9,13,4,4,6,2083,1889,,1140,704,1605,.439,201,623,.323,474,648,.731,213,887,324,233,102,329,553
18,Army,28,15,13,.536,-8.32,-6.88,10,7,9,5,6,8,1995,1997,,1130,767,1616,.475,198,603,.328,263,427,.616,184,953,455,158,46,332,422
19,Auburn,28,24,4,.857,14.92,6.88,11,4,16,0,4,4,2193,1968,,1150,732,1691,.433,219,728,.301,510,759,.672,387,1153,357,181,138,361,529
20,Austin Peay,30,20,10,.667,-0.45,-4.48,14,3,14,0,5,9,2321,2146,,1205,817,1772,.461,205,597,.343,482,661,.729,361,1080,398,200,94,385,545
21,Ball State,28,16,12,.571,3.60,-1.62,9,6,10,4,4,6,1932,1747,,1120,678,1592,.426,256,758,.338,320,472,.678,247,997,383,194,95,367,435
22,Baylor,27,25,2,.926,21.14,8.48,14,1,13,1,8,0,1927,1585,,1080,688,1593,.432,212,597,.355,339,486,.698,346,1008,379,214,122,320,445
23,Belmont,30,23,7,.767,4.53,-6.47,14,3,13,1,10,5,2419,2051,,1200,906,1892,.479,301,835,.360,306,433,.707,265,1123,562,230,95,359,454
24,Bethune-Cookman,28,15,13,.536,-9.95,-8.71,9,5,9,1,4,12,2099,2026,,1125,730,1716,.425,172,537,.320,467,659,.709,329,1094,337,199,81,435,552
25,Binghamton,28,10,18,.357,-14.60,-4.52,4,11,7,7,3,11,1944,2132,,1125,694,1693,.410,270,815,.331,286,395,.724,271,984,337,145,87,350,463
26,Boise State,30,19,11,.633,8.52,3.79,11,7,13,2,4,8,2295,2081,,1225,786,1740,.452,257,739,.348,466,622,.749,258,1036,395,176,42,376,511
27,Boston College,29,13,16,.448,2.35,7.18,7,11,8,9,4,7,1876,2016,,1165,678,1670,.406,196,652,.301,324,487,.665,271,952,362,234,76,388,451
28,Boston University,30,17,13,.567,-1.76,-5.14,11,6,9,3,8,8,2139,2013,,1215,814,1777,.458,197,613,.321,314,478,.657,308,1078,376,167,65,342,456
29,Bowling Green State,28,21,7,.750,1.74,0.05,12,3,13,1,5,3,2102,2015,,1130,753,1784,.422,219,645,.340,377,507,.744,313,1127,348,153,65,298,495
30,Bradley,30,20,10,.667,4.73,0.00,11,6,15,1,4,8,2152,1982,,1210,768,1749,.439,203,551,.368,413,566,.730,341,1168,402,144,111,359,508
31,Brigham Young,30,23,7,.767,17.13,6.48,12,3,14,1,5,5,2417,2073,,1215,898,1786,.503,318,753,.422,303,429,.706,195,989,527,175,64,329,484
32,Brown,23,13,10,.565,-4.83,-1.87,6,4,10,2,3,8,1558,1597,,920,543,1342,.405,152,500,.304,320,447,.716,292,891,269,149,98,361,395
33,Bryant,30,14,16,.467,-6.43,-6.57,6,11,9,5,5,11,2130,2077,,1205,754,1813,.416,251,784,.320,371,549,.676,360,1204,410,200,131,430,553
34,Bucknell,30,12,18,.400,-7.89,-3.96,8,9,8,4,3,12,2038,2156,,1200,720,1732,.416,250,735,.340,348,498,.699,265,984,365,210,108,402,578
35,Buffalo,28,18,10,.643,2.42,0.08,9,6,9,5,6,4,2201,2101,,1130,814,1880,.433,233,716,.325,340,507,.671,416,1191,424,225,127,395,515
36,Butler,28,19,9,.679,14.79,9.15,7,8,12,3,4,6,1916,1758,,1125,698,1517,.460,187,553,.338,333,456,.730,248,965,358,142,73,316,471
37,Cal Poly,28,7,21,.250,-10.02,-0.06,4,10,7,6,0,13,1887,2099,,1150,662,1572,.421,182,530,.343,381,553,.689,225,910,289,178,69,379,585
38,Cal State Bakersfield,29,12,17,.414,-6.78,-3.36,6,8,9,6,3,11,2002,1971,,1185,742,1687,.440,146,453,.322,372,542,.686,372,1081,341,185,90,402,630
39,Cal State Fullerton,28,10,18,.357,-6.85,-0.93,5,8,5,8,4,9,1907,1990,,1145,667,1542,.433,177,522,.339,396,584,.678,214,929,318,145,83,370,515
40,Cal State Northridge,29,12,17,.414,-7.53,-1.05,7,6,8,4,4,12,2178,2284,,1160,784,1736,.452,221,602,.367,389,536,.726,255,955,407,167,84,333,502
41,California Baptist,28,20,8,.714,-0.53,-7.23,9,4,14,5,6,3,2251,1921,,1125,757,1689,.448,279,738,.378,458,586,.782,324,1148,407,122,106,351,513
42,UC-Davis,29,13,16,.448,-4.46,-2.39,7,6,7,3,5,11,2127,2077,,1170,743,1602,.464,229,588,.389,412,524,.786,213,894,366,166,51,370,543
43,UC-Irvine,30,20,10,.667,4.00,-2.00,12,2,10,1,8,8,2228,1957,,1200,833,1755,.475,184,520,.354,378,508,.744,338,1188,441,195,110,418,553
44,UC-Riverside,30,15,15,.500,-3.91,-4.09,5,9,10,5,5,10,1944,1835,,1205,701,1610,.435,241,687,.351,301,437,.689,267,1079,372,151,75,393,527
45,UC-Santa Barbara,28,19,9,.679,-0.07,-4.23,8,5,11,3,8,6,2013,1865,,1125,705,1511,.467,183,532,.344,420,553,.759,284,957,387,130,72,327,474
46,University of California,28,12,16,.429,3.26,8.76,6,9,11,5,1,8,1762,1916,,1130,620,1467,.423,144,416,.346,378,521,.726,222,911,255,112,62,361,528
47,Campbell,29,14,15,.483,-8.51,-7.88,5,12,7,5,6,9,1984,1924,,1165,727,1594,.456,231,665,.347,299,410,.729,206,882,433,217,87,370,504
48,Canisius,28,10,18,.357,-7.85,-5.06,5,12,6,5,3,12,1916,1994,,1120,704,1616,.436,171,564,.303,337,482,.699,282,930,392,197,68,413,526
49,Central Arkansas,28,10,18,.357,-10.40,-1.77,9,8,8,3,2,14,2096,2309,,1150,700,1674,.418,211,677,.312,485,680,.713,299,1080,407,151,142,492,578
50,Central Connecticut State,30,4,26,.133,-20.42,-4.38,3,14,4,8,0,16,1880,2311,,1200,678,1708,.397,194,543,.357,330,495,.667,253,949,304,192,100,424,555
51,Central Florida,27,14,13,.519,4.28,4.06,5,10,8,6,4,6,1858,1852,,1090,669,1565,.427,182,585,.311,338,478,.707,279,952,357,174,81,371,450
52,Central Michigan,28,13,15,.464,-2.88,-0.20,6,9,11,4,2,11,2225,2149,,1125,778,1786,.436,222,670,.331,447,610,.733,309,1018,325,256,73,362,444
53,Charleston Southern,29,13,16,.448,-13.19,-6.64,7,10,8,6,5,9,2009,2102,,1175,723,1689,.428,230,714,.322,333,454,.733,241,940,385,177,70,372,449
54,Charlotte,26,15,11,.577,1.20,-1.49,9,6,12,1,3,10,1771,1701,,1055,619,1340,.462,174,496,.351,359,511,.703,167,822,325,199,88,363,407
55,Chattanooga,30,18,12,.600,-0.24,-2.41,9,8,9,4,7,8,2188,2049,,1205,785,1744,.450,258,734,.351,360,505,.713,279,1062,423,143,42,359,462
56,Chicago State,28,4,24,.143,-28.14,-2.66,0,13,3,11,1,11,1723,2292,,1120,579,1411,.410,156,491,.318,409,569,.719,205,826,291,143,72,494,574
57,Cincinnati,27,18,9,.667,12.66,6.44,11,4,12,2,4,5,1984,1816,,1120,698,1564,.446,179,564,.317,409,605,.676,300,1034,407,180,131,395,487
58,Citadel,28,6,22,.214,-13.47,-1.27,0,17,3,11,3,11,2110,2258,,1135,743,1713,.434,265,808,.328,359,522,.688,235,966,411,191,80,430,484
59,Clemson,27,14,13,.519,10.58,7.50,8,9,10,5,3,7,1803,1720,,1095,645,1497,.431,223,694,.321,290,428,.678,218,919,360,184,67,341,414
60,Cleveland State,30,11,19,.367,-10.75,-2.41,7,10,6,8,3,11,1927,2144,,1210,688,1633,.421,114,378,.302,437,656,.666,338,1035,354,234,81,466,601
61,Coastal Carolina,29,14,15,.483,-0.73,-0.28,7,11,9,9,5,5,2260,2201,,1160,801,1783,.449,212,641,.331,446,632,.706,390,1170,392,223,86,469,631
62,Colgate,30,22,8,.733,0.60,-5.37,13,4,12,1,9,7,2264,2052,,1205,811,1815,.447,300,841,.357,342,458,.747,287,1085,425,182,88,339,466
63,College of Charleston,29,16,13,.552,0.85,-0.72,10,7,9,5,6,6,2034,1964,,1160,706,1607,.439,217,634,.342,405,531,.763,220,945,315,191,73,316,492
64,Colorado State,30,19,11,.633,7.11,4.42,10,7,11,4,5,6,2256,2153,,1220,787,1678,.469,237,655,.362,443,658,.673,262,1066,458,197,59,394,452
65,Colorado,29,21,8,.724,16.38,8.28,10,6,13,3,4,5,2064,1829,,1165,702,1596,.440,225,618,.364,435,591,.736,297,1080,396,164,89,385,423
66,Columbia,26,6,20,.231,-9.12,-3.00,1,9,5,5,0,14,1739,1862,,1055,647,1558,.415,184,596,.309,261,357,.731,196,899,293,141,84,311,399
67,Connecticut,28,16,12,.571,10.62,5.30,7,8,13,3,1,7,2017,1868,,1160,705,1692,.417,197,601,.328,410,558,.735,352,1062,362,201,171,402,520
68,Coppin State,29,9,20,.310,-14.41,-7.55,5,9,5,5,4,15,1974,2173,,1170,693,1750,.396,234,831,.282,354,557,.636,276,1108,292,187,80,415,517
69,Cornell,23,6,17,.261,-8.28,-2.04,3,7,6,4,0,13,1541,1603,,935,565,1304,.433,162,525,.309,249,356,.699,207,764,331,159,66,267,387
70,Creighton,28,22,6,.786,17.43,9.39,11,4,15,1,6,4,2189,1935,,1125,779,1653,.471,267,694,.385,364,493,.738,220,981,442,187,67,314,428
71,Dartmouth,25,10,15,.400,-4.53,-3.07,3,7,6,4,3,10,1617,1603,,1010,604,1378,.438,167,528,.316,242,358,.676,173,871,306,122,65,310,419
72,Davidson,27,15,12,.556,9.42,2.79,9,6,10,1,4,7,1977,1798,,1110,686,1516,.453,249,678,.367,356,468,.761,222,922,385,152,74,303,442
73,Dayton,28,26,2,.929,18.46,3.71,15,0,15,0,8,0,2238,1825,,1135,814,1565,.520,223,613,.364,387,536,.722,223,975,491,166,98,350,475
74,Delaware State,27,3,24,.111,-22.10,-7.94,2,11,3,10,0,13,1950,2269,,1090,685,1671,.410,202,653,.309,378,556,.680,267,938,289,192,63,408,563
75,Delaware,30,20,10,.667,-1.72,-3.75,10,7,10,3,6,6,2230,2125,,1205,799,1670,.478,229,642,.357,403,524,.769,226,1010,389,161,96,386,493
76,Denver,29,6,23,.207,-10.58,-1.79,2,13,5,8,0,14,1997,2226,,1170,716,1618,.443,156,476,.328,409,593,.690,205,957,326,171,62,405,586
77,DePaul,28,14,14,.500,8.57,8.20,2,13,10,7,4,7,2025,1986,,1130,750,1678,.447,166,510,.325,359,560,.641,325,1051,398,238,146,414,542
78,Detroit Mercy,30,7,23,.233,-9.88,-1.58,5,12,5,8,1,14,2085,2334,,1205,692,1787,.387,252,786,.321,449,573,.784,352,1087,315,173,93,411,507
79,Drake,30,18,12,.600,-0.17,-0.17,8,9,14,1,2,10,2098,2035,,1205,763,1655,.461,220,635,.346,352,495,.711,228,1008,459,172,111,393,500
80,Drexel,30,13,17,.433,-5.20,-2.23,6,11,10,5,1,12,2079,2132,,1205,755,1694,.446,222,627,.354,347,497,.698,315,1060,444,170,88,445,499
81,Duke,28,23,5,.821,22.83,7.79,13,4,13,2,7,3,2331,1910,,1140,847,1782,.475,198,564,.351,439,621,.707,356,1128,442,236,167,375,506
82,Duquesne,27,19,8,.704,6.97,1.12,9,6,9,3,5,3,1923,1765,,1090,682,1544,.442,210,666,.315,349,478,.730,268,938,389,185,151,336,409
83,East Carolina,29,11,18,.379,-1.07,1.48,5,11,9,6,1,10,1986,2060,,1170,694,1652,.420,156,551,.283,442,610,.725,280,1038,400,197,91,397,603
84,East Tennessee State,30,26,4,.867,7.21,-1.79,15,2,15,1,11,3,2286,1889,,1200,812,1716,.473,227,662,.343,435,634,.686,337,1077,418,255,110,360,513
85,Eastern Illinois,29,15,14,.517,-5.28,-7.39,8,9,10,2,4,11,2175,2025,,1170,813,1772,.459,191,564,.339,358,536,.668,316,1071,400,220,129,364,479
86,Eastern Kentucky,30,14,16,.467,-9.79,-4.43,11,6,9,4,5,10,2276,2304,,1200,793,1900,.417,249,769,.324,441,606,.728,305,1005,373,273,63,426,556
87,Eastern Michigan,28,15,13,.536,-1.68,1.24,5,10,10,4,3,9,1824,1752,,1120,634,1470,.431,157,545,.288,399,635,.628,275,958,274,284,91,410,464
88,Eastern Washington,28,20,8,.714,1.43,-1.46,13,4,11,2,9,6,2263,2049,,1130,816,1791,.456,262,756,.347,369,529,.698,297,1073,494,203,105,372,532
89,Elon,30,11,19,.367,-8.07,-1.74,7,10,8,8,3,11,2067,2160,,1205,703,1695,.415,302,828,.365,359,484,.742,248,986,401,139,58,352,585
90,Evansville,30,9,21,.300,-6.97,0.72,0,17,5,9,3,10,2034,2239,,1230,707,1659,.426,226,697,.324,394,538,.732,212,943,366,139,68,382,504
91,Fairfield,27,11,16,.407,-8.68,-4.49,7,9,5,6,5,8,1594,1707,,1100,567,1433,.396,124,418,.297,336,480,.700,277,933,243,139,78,373,433
92,Fairleigh Dickinson,28,10,18,.357,-10.20,-5.65,8,9,7,5,3,13,2012,2086,,1130,732,1621,.452,207,579,.358,341,469,.727,253,929,329,179,92,362,457
93,Florida A&M,26,12,14,.462,-12.07,-5.99,10,5,8,0,4,12,1754,1912,,1060,638,1521,.419,101,357,.283,377,592,.637,312,906,261,193,49,394,503
94,Florida Atlantic,29,16,13,.552,-1.55,-1.36,8,8,14,3,2,10,2047,1987,,1170,736,1733,.425,237,734,.323,338,479,.706,311,1070,353,208,59,400,486
95,Florida Gulf Coast,30,10,20,.333,-10.17,-4.14,7,8,6,9,4,11,1843,1976,,1210,678,1669,.406,216,694,.311,271,392,.691,306,1041,380,182,124,468,475
96,Florida International,28,17,11,.607,0.20,-1.40,8,7,11,2,5,8,2145,2024,,1125,780,1712,.456,253,724,.349,332,513,.647,300,1008,408,251,182,432,484
97,Florida State,28,24,4,.857,17.54,7.54,14,3,15,0,6,4,2114,1834,,1130,761,1663,.458,212,590,.359,380,500,.760,317,986,374,249,154,375,486
98,Florida,28,18,10,.643,14.93,8.75,10,5,11,3,3,6,2032,1859,,1130,718,1578,.455,201,583,.345,395,544,.726,287,997,328,165,112,337,484
99,Fordham,27,7,20,.259,-4.21,0.23,1,14,6,11,0,7,1551,1671,,1095,552,1458,.379,196,620,.316,251,396,.634,213,881,312,192,70,340,464
100,Fresno State,28,10,18,.357,2.26,3.70,6,11,6,7,4,10,1942,1936,,1145,671,1603,.419,260,777,.335,340,486,.700,316,1045,347,142,105,356,460
101,Furman,30,24,6,.800,7.28,-1.13,14,3,13,1,10,5,2307,1988,,1210,828,1736,.477,284,799,.355,367,526,.698,234,950,449,244,82,347,457
102,Gardner-Webb,29,14,15,.483,-5.96,-6.04,10,7,7,5,5,10,2110,2070,,1195,737,1652,.446,232,644,.360,404,581,.695,278,1012,409,185,138,365,470
103,George Mason,28,15,13,.536,1.10,1.67,4,11,10,6,2,7,1871,1887,,1125,667,1591,.419,166,544,.305,371,528,.703,333,1039,302,171,129,375,465
104,George Washington,28,12,16,.429,-2.39,0.36,6,9,7,8,3,7,1880,1957,,1140,654,1530,.427,210,642,.327,362,511,.708,226,938,341,150,122,358,463
105,Georgetown,28,15,13,.536,11.05,9.01,5,10,10,6,4,6,2119,2062,,1120,741,1685,.440,174,499,.349,463,596,.777,332,1081,419,174,115,372,452
106,Georgia Southern,29,17,12,.586,0.98,-0.87,11,7,10,3,6,8,2177,2043,,1160,760,1748,.435,237,727,.326,420,618,.680,284,1023,352,229,115,366,477
107,Georgia State,29,18,11,.621,3.69,0.06,11,7,11,1,6,10,2278,2081,,1170,804,1821,.442,255,690,.370,415,566,.733,346,1084,424,230,127,412,604
108,Georgia Tech,28,14,14,.500,9.92,9.40,8,9,8,6,5,7,1925,1883,,1130,712,1570,.454,146,473,.309,355,532,.667,264,997,387,192,126,447,536
109,Georgia,28,14,14,.500,8.08,7.23,4,11,11,4,3,8,2130,2104,,1140,762,1704,.447,198,661,.300,408,581,.702,336,1070,380,209,96,422,530
110,Gonzaga,30,28,2,.933,22.88,2.42,14,1,16,0,10,1,2634,2020,,1205,955,1863,.513,231,597,.387,493,721,.684,344,1220,515,232,119,340,439
111,Grambling,27,14,13,.519,-12.41,-7.84,8,6,9,2,5,10,1950,1890,,1080,715,1563,.457,130,432,.301,390,574,.679,281,974,355,190,108,380,503
112,Grand Canyon,28,12,16,.429,-6.01,-3.75,7,7,7,7,4,6,1972,2042,,1130,689,1534,.449,163,500,.326,431,578,.746,210,908,333,139,35,320,458
113,Green Bay,30,15,15,.500,-5.32,-2.72,10,7,8,5,7,10,2473,2433,,1215,889,1925,.462,240,638,.376,455,603,.755,294,1079,495,213,93,377,575
114,Hampton,30,13,17,.433,-13.23,-5.56,8,9,11,4,2,13,2324,2396,,1210,815,1798,.453,174,544,.320,520,740,.703,330,1109,439,158,117,358,572
115,Hartford,30,16,14,.533,-7.08,-5.72,9,6,8,7,8,7,1983,1999,,1205,699,1685,.415,225,670,.336,360,520,.692,236,1033,381,221,73,399,518
116,Harvard,25,18,7,.720,3.20,-1.26,7,3,10,0,7,4,1832,1668,,1020,669,1458,.459,181,553,.327,313,456,.686,263,957,301,163,134,348,440
117,Hawaii,27,16,11,.593,-0.66,-1.89,7,6,14,5,2,6,1865,1816,,1085,660,1543,.428,196,592,.331,349,497,.702,260,920,371,144,58,358,477
118,High Point,30,9,21,.300,-16.29,-5.18,6,11,6,9,3,12,1975,2243,,1210,660,1632,.404,183,582,.314,472,667,.708,328,1026,370,155,105,425,552
119,Hofstra,30,22,8,.733,2.20,-3.69,13,4,9,4,11,4,2293,2080,,1200,794,1767,.449,235,653,.360,470,601,.782,308,1041,371,209,64,344,440
120,Holy Cross,30,3,27,.100,-17.25,-4.08,2,15,2,11,0,15,1997,2382,,1215,750,1729,.434,212,654,.324,285,423,.674,262,965,350,147,82,414,539
121,Houston Baptist,26,3,23,.115,-17.55,-2.70,3,14,2,8,1,14,2077,2463,,1045,710,1614,.440,193,540,.357,464,628,.739,317,940,327,142,60,440,535
122,Houston,28,21,7,.750,16.36,5.61,11,4,12,2,6,5,2038,1737,,1125,715,1664,.430,196,577,.340,412,564,.730,390,1157,370,139,138,338,548
123,Howard,28,2,26,.071,-21.48,-6.52,0,13,1,12,1,13,1950,2284,,1135,693,1650,.420,209,610,.343,355,520,.683,280,916,372,168,89,415,521
124,Idaho State,26,6,20,.231,-8.37,-0.92,3,14,4,9,2,11,1798,1886,,1055,648,1431,.453,170,488,.348,332,509,.652,257,860,305,123,65,368,407
125,Idaho,28,7,21,.250,-11.67,-1.79,3,14,4,9,2,11,1818,2019,,1125,682,1558,.438,132,395,.334,322,477,.675,226,958,337,158,63,402,482
126,Illinois-Chicago,30,15,15,.500,-5.18,-3.66,10,7,9,6,5,9,2051,2092,,1205,741,1684,.440,226,653,.346,343,496,.692,276,1097,432,166,122,477,571
127,Illinois State,29,9,20,.310,-2.75,2.28,4,13,9,6,0,11,1914,2036,,1165,693,1635,.424,239,670,.357,289,411,.703,262,966,353,165,74,414,491
128,Illinois,28,19,9,.679,15.28,9.06,11,6,13,3,6,5,2031,1811,,1125,734,1663,.441,158,508,.311,405,556,.728,365,1132,372,134,77,349,440
129,Incarnate Word,28,9,19,.321,-18.73,-6.53,6,11,7,7,2,12,1836,2055,,1135,658,1582,.416,166,558,.297,354,492,.720,282,915,350,205,70,431,522
130,Indiana State,28,17,11,.607,3.67,1.63,10,7,11,1,4,8,1930,1868,,1125,685,1505,.455,196,510,.384,364,508,.717,213,896,353,154,98,321,484
131,Indiana,28,18,10,.643,14.65,10.15,8,9,14,3,2,7,2003,1877,,1125,703,1583,.444,150,472,.318,447,655,.682,320,1051,356,158,121,366,488
132,Iona,24,11,13,.458,-5.97,-5.14,9,8,5,5,4,7,1682,1702,,970,584,1324,.441,192,573,.335,322,424,.759,194,799,324,171,87,337,453
133,Iowa State,28,12,16,.429,10.00,9.86,5,10,11,5,0,9,2038,2034,,1125,742,1682,.441,204,631,.323,350,475,.737,283,966,407,212,123,362,437
134,Iowa,28,19,9,.679,16.38,10.27,10,7,13,1,4,6,2189,2018,,1120,767,1694,.453,220,637,.345,435,589,.739,326,1052,481,180,103,339,446
135,Purdue-Fort Wayne,30,13,17,.433,-8.03,-3.59,6,9,10,5,3,12,2062,2101,,1200,755,1752,.431,249,773,.322,303,451,.672,305,1057,375,219,80,422,471
136,IUPUI,30,7,23,.233,-14.39,-3.35,3,14,4,8,3,13,2109,2381,,1210,751,1819,.413,238,703,.339,369,578,.638,341,1078,404,196,75,416,544
137,Jackson State,27,10,17,.370,-11.78,-6.26,7,7,6,3,4,14,1796,1869,,1080,654,1585,.413,125,475,.263,363,530,.685,256,858,311,216,103,346,533
138,Jacksonville State,30,12,18,.400,-8.18,-6.18,7,10,7,6,4,11,2158,2080,,1205,798,1787,.447,220,657,.335,342,503,.680,330,1091,414,191,76,426,474
139,Jacksonville,30,13,17,.433,-6.35,-5.49,6,9,6,7,6,8,1998,1990,,1215,727,1699,.428,193,606,.318,351,520,.675,300,1139,327,151,83,417,464
140,James Madison,28,9,19,.321,-8.91,-2.65,2,15,6,9,3,10,2015,2136,,1120,697,1681,.415,218,682,.320,403,619,.651,287,1058,344,180,85,350,496
141,Kansas State,28,9,19,.321,7.67,8.92,2,13,8,6,1,9,1801,1836,,1125,631,1526,.413,189,593,.319,350,539,.649,292,930,353,241,72,403,530
142,Kansas,28,25,3,.893,25.92,11.74,14,1,13,1,9,1,2109,1696,,1125,779,1600,.487,188,534,.352,363,542,.670,291,1079,402,216,138,356,409
143,Kennesaw State,28,1,27,.036,-22.32,-2.39,0,15,1,9,0,16,1547,2105,,1120,540,1522,.355,115,468,.246,352,504,.698,270,897,223,142,53,411,471
144,Kent State,28,18,10,.643,3.48,-1.06,8,7,12,3,5,5,2128,1941,,1140,771,1699,.454,240,698,.344,346,479,.722,297,1001,387,199,119,356,515
145,Kentucky,28,23,5,.821,15.91,6.70,13,2,15,1,7,2,2090,1832,,1130,721,1558,.463,141,419,.337,507,639,.793,269,1042,386,145,147,357,509
146,La Salle,27,13,14,.481,-0.21,1.87,4,11,7,6,3,8,1825,1881,,1095,637,1542,.413,223,652,.342,328,499,.657,276,938,346,213,85,408,541
147,Lafayette,28,17,11,.607,-5.37,-6.08,9,8,8,5,9,6,1975,1916,,1120,722,1590,.454,249,718,.347,282,385,.732,212,977,433,130,121,347,405
148,Lamar,29,16,13,.552,-7.49,-6.69,10,8,10,4,6,9,2090,2003,,1170,751,1705,.440,170,518,.328,418,596,.701,321,1025,394,265,133,441,486
149,Lehigh,29,9,20,.310,-11.14,-3.59,6,11,7,6,2,14,1962,2110,,1170,739,1662,.445,163,486,.335,321,442,.726,257,1003,352,154,67,407,525
150,Liberty,30,27,3,.900,6.48,-6.99,13,2,14,0,7,3,2067,1585,,1200,748,1553,.482,228,626,.364,343,484,.709,232,1010,396,168,82,287,398
151,Lipscomb,28,13,15,.464,-7.95,-5.02,8,7,7,5,6,10,1980,1983,,1125,726,1635,.444,197,589,.334,331,475,.697,268,989,368,153,69,366,429
152,Cal State Long Beach,29,10,19,.345,-8.86,2.03,5,8,7,6,2,11,1932,2179,,1165,697,1626,.429,171,477,.358,367,537,.683,261,985,310,167,112,466,512
153,Long Island University,30,14,16,.467,-7.58,-6.10,9,8,7,6,6,9,2298,2300,,1220,794,1791,.443,287,831,.345,423,593,.713,239,1043,430,200,107,421,509
154,Longwood,31,14,17,.452,-11.53,-9.15,9,9,8,6,6,11,2095,2117,,1260,701,1724,.407,284,826,.344,409,578,.708,265,1066,342,212,67,430,581
155,Louisiana,29,12,17,.414,-5.00,-0.82,7,11,8,6,3,10,2085,2174,,1165,710,1721,.413,225,701,.321,440,598,.736,316,1027,321,174,93,408,507
156,Louisiana-Monroe,28,9,19,.321,-6.78,-0.36,5,14,7,7,2,12,1774,1895,,1125,631,1495,.422,177,521,.340,335,494,.678,246,937,325,125,94,380,472
157,Louisiana State,28,19,9,.679,13.86,7.11,10,5,13,2,5,5,2247,2058,,1130,798,1694,.471,179,566,.316,472,612,.771,347,1116,358,179,114,363,436
158,Louisiana Tech,28,20,8,.714,6.71,-1.48,11,5,13,1,7,7,2093,1794,,1130,771,1661,.464,235,663,.354,316,477,.662,298,1047,377,212,68,344,476
159,Louisville,29,23,6,.793,17.97,7.32,14,4,16,1,6,4,2174,1865,,1170,765,1679,.456,240,634,.379,404,552,.732,318,1126,407,147,80,352,500
160,Loyola (IL),30,20,10,.667,5.89,0.37,12,5,14,2,4,6,2058,1867,,1210,753,1506,.500,171,468,.365,381,582,.655,179,890,432,236,49,385,419
161,Loyola Marymount,29,10,19,.345,-0.89,4.00,4,11,7,8,2,9,1862,1956,,1165,685,1477,.464,162,513,.316,330,497,.664,230,871,340,171,58,403,550
162,Loyola (MD),30,15,15,.500,-9.12,-6.81,7,10,9,3,5,12,2202,2242,,1210,771,1660,.464,198,615,.322,462,722,.640,259,1030,464,202,87,404,534
163,Maine,28,7,21,.250,-13.55,-3.70,3,11,4,7,2,14,1709,1935,,1130,613,1523,.402,184,655,.281,299,421,.710,267,945,385,192,96,423,505
164,Manhattan,26,12,14,.462,-7.38,-6.49,8,9,7,5,5,9,1645,1668,,1050,580,1440,.403,180,582,.309,305,493,.619,277,901,348,184,104,363,532
165,Marist,26,7,19,.269,-11.47,-7.05,6,11,4,8,3,11,1591,1706,,1065,559,1431,.391,197,570,.346,276,426,.648,244,888,277,175,78,367,498
166,Marquette,27,18,9,.667,16.21,8.95,8,7,13,2,3,6,2100,1904,,1100,680,1577,.431,272,713,.381,468,633,.739,273,1065,368,140,120,365,509
167,Marshall,29,14,15,.483,1.26,0.23,8,8,9,6,4,9,2167,2102,,1165,809,1842,.439,220,718,.306,329,510,.645,325,1112,395,247,172,433,542
168,Maryland-Baltimore County,29,14,15,.483,-7.95,-4.47,7,7,9,5,5,8,1985,1918,,1165,722,1631,.443,205,640,.320,336,531,.633,267,1020,374,156,71,378,476
169,Maryland-Eastern Shore,28,5,23,.179,-20.99,-4.22,4,9,4,4,1,19,1594,2001,,1130,588,1612,.365,159,634,.251,259,413,.627,276,926,305,217,92,418,508
170,Maryland,28,23,5,.821,18.25,9.79,13,4,15,0,5,5,2010,1773,,1120,668,1605,.416,218,693,.315,456,608,.750,322,1089,372,134,124,324,419
171,Massachusetts-Lowell,29,12,17,.414,-8.00,-5.64,6,8,8,8,4,9,2173,2196,,1175,767,1675,.458,201,597,.337,438,613,.715,279,997,434,210,77,400,481
172,Massachusetts,28,13,15,.464,0.96,3.43,7,8,11,4,2,8,1915,1984,,1130,690,1617,.427,207,636,.325,328,476,.689,258,919,367,196,88,374,510
173,McNeese State,28,13,15,.464,-8.48,-6.81,8,9,10,5,3,10,2255,2084,,1130,805,1596,.504,242,591,.409,403,557,.724,279,1004,464,191,112,451,472
174,Memphis,28,19,9,.679,11.94,4.37,8,7,14,3,4,5,2033,1821,,1125,710,1596,.445,183,550,.333,430,637,.675,294,1105,394,226,166,462,545
175,Mercer,30,16,14,.533,-3.20,-2.81,10,7,8,6,8,6,2179,2131,,1200,804,1777,.452,231,649,.356,340,468,.726,312,1104,436,197,80,437,567
176,Merrimack,31,20,11,.645,-7.04,-6.64,14,4,10,2,9,8,1948,1866,,1255,705,1682,.419,247,728,.339,291,427,.681,243,890,397,308,92,368,536
177,Miami (FL),27,14,13,.519,6.26,8.26,6,11,8,4,4,7,1973,2027,,1105,709,1618,.438,190,581,.327,365,482,.757,246,929,276,154,99,323,388
178,Miami (OH),28,11,17,.393,-5.58,-0.81,4,11,9,5,1,10,1977,1999,,1120,717,1692,.424,242,700,.346,301,432,.697,271,988,345,148,68,327,510
179,Michigan State,28,19,9,.679,21.35,10.10,11,6,11,3,5,4,2116,1801,,1120,756,1654,.457,214,614,.349,390,521,.749,311,1144,497,147,142,358,465
180,Michigan,28,18,10,.643,18.54,10.93,9,8,10,5,4,5,2111,1898,,1135,780,1688,.462,226,656,.345,325,456,.713,251,1029,412,150,129,300,420
181,Middle Tennessee,28,7,21,.250,-8.37,1.51,3,12,4,9,3,9,2006,2133,,1125,712,1682,.423,232,687,.338,350,524,.668,305,983,362,191,85,384,559
182,Milwaukee,29,12,17,.414,-7.01,-3.82,7,10,7,7,4,8,2090,2116,,1185,743,1806,.411,230,714,.322,374,527,.710,335,1055,366,168,91,393,628
183,Minnesota,27,13,14,.481,15.84,11.84,7,10,10,5,2,8,1888,1780,,1090,677,1616,.419,216,668,.323,318,454,.700,313,1056,407,131,129,313,454
184,Mississippi State,28,18,10,.643,11.97,6.76,9,6,13,2,3,6,2068,1922,,1120,731,1558,.469,150,443,.339,456,605,.754,340,1050,382,159,141,399,490
185,Mississippi Valley State,27,2,25,.074,-29.34,-6.82,2,13,1,8,1,17,1843,2451,,1085,677,1835,.369,216,738,.293,273,417,.655,289,963,282,191,79,386,528
186,Mississippi,28,13,15,.464,7.48,6.63,4,11,10,5,1,9,1940,1916,,1130,672,1557,.432,173,529,.327,423,579,.731,256,948,361,203,74,377,545
187,Missouri-Kansas City,28,14,14,.500,-6.16,-2.24,6,7,8,4,4,8,1953,1867,,1145,722,1576,.458,200,551,.363,309,450,.687,236,874,370,221,90,371,599
188,Missouri State,30,14,16,.467,2.24,0.67,8,9,10,4,3,10,2086,2039,,1205,756,1751,.432,205,594,.345,369,496,.744,326,1106,351,184,80,399,534
189,Missouri,28,14,14,.500,8.05,6.12,6,9,11,3,2,9,1882,1828,,1130,634,1534,.413,190,625,.304,424,547,.775,294,975,318,188,89,400,593
190,Monmouth,27,16,11,.593,-5.08,-5.20,10,6,9,1,6,9,1921,1918,,1085,658,1610,.409,200,593,.337,405,558,.726,262,924,347,213,71,350,534
191,Montana State,28,14,14,.500,-5.50,-2.46,8,9,8,4,4,10,1869,1879,,1120,656,1478,.444,158,487,.324,399,537,.743,209,978,316,159,63,400,489
192,Montana,28,17,11,.607,0.77,-1.73,13,4,12,1,5,10,1972,1895,,1130,757,1602,.473,159,442,.360,299,412,.726,181,882,347,177,97,341,562
193,Morehead State,30,13,17,.433,-10.76,-6.30,7,10,11,4,2,13,2065,2086,,1210,779,1788,.436,174,593,.293,333,527,.632,317,1108,408,177,134,368,475
194,Morgan State,29,15,14,.517,-12.26,-8.83,9,5,8,4,7,7,2055,2057,,1175,720,1683,.428,151,527,.287,464,667,.696,368,1132,335,170,126,458,653
195,Mount St. Mary's,30,11,19,.367,-9.40,-6.37,7,10,8,5,3,14,1917,1988,,1215,669,1671,.400,195,635,.307,384,556,.691,334,1069,334,147,96,357,492
196,Murray State,29,21,8,.724,1.16,-6.88,14,3,14,0,6,6,2190,1872,,1170,770,1617,.476,190,520,.365,460,651,.707,277,1106,413,162,112,404,518
197,Navy,28,14,14,.500,-7.19,-5.75,8,9,10,5,4,9,1785,1793,,1140,626,1533,.408,181,601,.301,352,506,.696,335,1009,316,146,48,340,447
198,Omaha,30,16,14,.533,-4.06,-1.26,9,6,12,2,4,11,2233,2295,,1220,845,1854,.456,190,549,.346,353,497,.710,295,1077,380,161,99,365,505
199,Nebraska,28,7,21,.250,3.75,10.11,2,15,5,10,0,10,1962,2140,,1140,717,1743,.411,224,699,.320,304,502,.606,247,978,395,186,69,315,422
200,Nevada-Las Vegas,30,16,14,.533,6.68,5.08,11,6,12,6,4,7,2154,2106,,1235,760,1758,.432,221,706,.313,413,592,.698,371,1172,376,187,85,401,612
201,Nevada,29,19,10,.655,9.36,3.92,12,5,12,2,4,7,2244,2086,,1165,793,1768,.449,290,759,.382,366,489,.748,259,1124,432,149,105,348,567
202,New Hampshire,27,14,13,.519,-7.49,-5.85,7,7,9,2,5,11,1861,1784,,1095,673,1667,.404,227,692,.328,288,428,.673,319,1131,356,133,59,357,489
203,New Mexico State,29,23,6,.793,2.88,-4.27,14,0,12,1,8,3,2069,1756,,1165,726,1594,.455,258,739,.349,359,502,.715,323,1025,417,178,50,387,461
204,New Mexico,30,17,13,.567,2.67,2.09,6,11,14,3,2,9,2316,2278,,1200,815,1732,.471,205,626,.327,481,669,.719,282,1057,447,239,87,436,464
205,New Orleans,27,8,19,.296,-13.13,-4.13,4,13,5,8,3,11,2042,2067,,1080,724,1562,.464,144,417,.345,450,598,.753,255,833,403,211,54,373,512
206,Niagara,28,10,18,.357,-11.07,-3.97,8,9,8,3,2,15,1828,2027,,1125,667,1561,.427,208,576,.361,286,380,.753,167,767,334,199,63,295,435
207,Nicholls State,29,19,10,.655,-5.13,-5.53,13,5,11,1,7,8,2216,2020,,1170,812,1847,.440,229,690,.332,363,485,.748,323,996,373,291,110,400,565
208,NJIT,28,8,20,.286,-10.84,-4.58,5,10,5,7,3,13,1779,1920,,1120,644,1593,.404,160,531,.301,331,491,.674,257,921,295,159,80,312,474
209,Norfolk State,28,13,15,.464,-8.07,-8.15,9,4,10,2,2,12,1950,1818,,1125,675,1634,.413,214,673,.318,386,550,.702,330,1035,357,221,61,400,557
210,North Alabama,28,12,16,.429,-8.70,-5.47,7,8,9,4,3,12,1912,1937,,1120,657,1554,.423,193,572,.337,405,594,.682,281,1013,309,179,67,416,554
211,North Carolina-Asheville,28,14,14,.500,-9.99,-8.34,8,9,9,5,5,9,2123,2100,,1125,768,1662,.462,226,648,.349,361,547,.660,247,855,317,234,69,332,555
212,North Carolina A&T,29,15,14,.517,-9.33,-6.83,11,3,11,1,3,11,2069,2077,,1170,735,1740,.422,165,561,.294,434,718,.604,336,1135,410,244,107,458,598
213,North Carolina Central,27,14,13,.519,-10.43,-7.93,10,3,10,0,4,13,1830,1740,,1085,682,1505,.453,158,521,.303,308,472,.653,269,913,371,236,79,414,503
214,North Carolina-Greensboro,30,23,7,.767,6.85,-1.51,13,4,14,4,9,3,2232,1868,,1215,826,1906,.433,260,810,.321,320,504,.635,391,1115,379,283,126,350,549
215,North Carolina State,28,17,11,.607,11.48,6.59,8,9,12,4,5,6,2085,1948,,1125,770,1720,.448,199,615,.324,346,487,.710,294,1010,372,208,127,335,511
216,North Carolina-Wilmington,30,10,20,.333,-8.62,-0.62,5,12,8,7,1,12,2066,2146,,1210,735,1698,.433,201,580,.347,395,562,.703,254,1026,361,185,91,393,528
217,North Carolina,28,11,17,.393,8.81,9.67,4,13,6,8,2,8,1991,2015,,1140,726,1746,.416,147,511,.288,390,586,.666,388,1187,399,168,103,374,464
218,North Dakota State,29,21,8,.724,0.84,-3.83,12,3,12,1,8,6,2145,1925,,1165,731,1640,.446,258,747,.345,425,536,.793,223,1027,344,139,70,301,452
219,North Dakota,29,13,16,.448,-5.92,-1.31,7,8,8,3,4,12,2203,2174,,1170,765,1660,.461,229,675,.339,444,575,.772,255,1040,376,135,65,397,501
220,North Florida,31,20,11,.645,-0.07,-2.89,13,3,12,1,7,9,2421,2255,,1240,835,1857,.450,370,971,.381,381,498,.765,311,1082,485,152,117,376,500
221,North Texas,29,19,10,.655,8.12,1.79,13,3,12,3,7,5,2082,1834,,1160,744,1524,.488,244,627,.389,350,468,.748,249,930,372,184,79,390,500
222,Northeastern,29,15,14,.517,1.66,-3.51,9,8,7,5,7,7,2074,1924,,1165,754,1595,.473,232,630,.368,334,419,.797,211,906,377,228,45,351,488
223,Northern Arizona,27,16,11,.593,-3.60,-1.96,10,8,9,4,6,7,1943,1874,,1085,702,1550,.453,202,544,.371,337,478,.705,249,910,365,182,60,310,439
224,Northern Colorado,28,20,8,.714,5.88,-2.97,13,4,11,2,7,5,2093,1752,,1130,762,1625,.469,289,759,.381,280,413,.678,235,949,379,147,67,282,424
225,Northern Illinois,28,17,11,.607,-1.24,-2.28,10,5,10,3,7,8,1877,1801,,1125,680,1643,.414,206,600,.343,311,460,.676,331,1094,287,154,72,335,492
226,Northern Iowa,29,24,5,.828,10.34,1.57,13,4,16,0,7,4,2204,1886,,1175,793,1645,.482,276,695,.397,342,446,.767,269,1082,357,134,65,360,410
227,Northern Kentucky,29,21,8,.724,-0.24,-5.06,13,4,11,3,10,5,2104,1894,,1170,740,1704,.434,242,778,.311,382,557,.686,332,1070,405,234,60,369,516
228,Northwestern State,26,12,14,.462,-11.79,-6.14,9,8,8,5,4,9,1899,1955,,1045,678,1547,.438,201,564,.356,342,475,.720,279,1009,335,144,120,450,507
229,Northwestern,27,6,21,.222,4.88,10.21,1,16,4,11,1,9,1746,1890,,1085,646,1552,.416,166,533,.311,288,395,.729,214,893,368,104,77,277,451
230,Notre Dame,28,18,10,.643,10.91,5.12,9,8,14,3,4,6,2088,1926,,1130,747,1754,.426,273,794,.344,321,437,.735,286,1055,468,163,108,272,341
231,Oakland,30,12,18,.400,-6.06,-2.68,7,10,7,5,3,11,2028,2098,,1220,709,1654,.429,186,622,.299,424,618,.686,315,1087,406,178,90,414,469
232,Ohio State,28,19,9,.679,19.22,9.50,9,8,13,2,4,6,2017,1745,,1120,680,1523,.446,242,648,.373,415,561,.740,282,1040,382,138,101,365,488
233,Ohio,28,14,14,.500,0.13,0.33,6,9,10,5,3,7,1991,1919,,1120,721,1622,.445,239,687,.348,310,455,.681,268,994,407,184,68,360,463
234,Oklahoma State,28,14,14,.500,11.01,10.76,4,11,8,6,4,7,1868,1861,,1120,652,1585,.411,166,540,.307,398,542,.734,294,1014,323,192,110,363,508
235,Oklahoma,28,17,11,.607,13.22,10.51,7,8,12,2,2,8,1975,1899,,1120,695,1645,.422,205,640,.320,380,496,.766,232,1024,331,170,114,310,370
236,Old Dominion,28,11,17,.393,0.05,0.47,7,8,8,4,3,10,1810,1822,,1125,666,1666,.400,157,549,.286,321,467,.687,328,1101,285,198,83,338,488
237,Oral Roberts,28,15,13,.536,1.67,-1.41,8,7,12,1,3,12,2265,2072,,1130,812,1814,.448,232,688,.337,409,542,.755,342,1064,367,178,71,292,472
238,Oregon State,28,15,13,.536,9.13,6.02,5,11,10,4,3,8,1994,1907,,1120,695,1516,.458,164,518,.317,440,588,.748,246,926,402,168,138,326,451
239,Oregon,29,22,7,.759,17.49,9.35,11,5,15,0,5,5,2182,1946,,1195,797,1722,.463,247,644,.384,341,492,.693,319,1034,418,227,90,344,506
240,Pacific,31,22,9,.710,4.29,0.05,10,5,15,3,6,5,2175,1992,,1275,798,1749,.456,174,500,.348,405,611,.663,333,1122,369,179,122,386,591
241,Penn State,28,21,7,.750,17.41,8.80,11,6,14,2,5,4,2119,1878,,1120,760,1723,.441,219,668,.328,380,551,.690,306,1084,401,218,139,326,493
242,Pennsylvania,23,13,10,.565,0.36,0.32,5,5,6,3,5,6,1682,1633,,925,622,1383,.450,197,613,.321,241,354,.681,182,830,340,131,75,289,351
243,Pepperdine,29,15,14,.517,2.59,3.01,8,7,9,4,6,7,2211,2223,,1175,759,1744,.435,229,655,.350,464,584,.795,282,987,429,185,104,368,525
244,Pittsburgh,29,15,14,.517,7.07,6.76,6,12,11,7,2,7,1883,1874,,1165,657,1632,.403,153,530,.289,416,578,.720,342,996,365,224,99,346,440
245,Portland State,29,15,14,.517,-1.97,-2.12,9,8,9,3,5,11,2273,2191,,1160,840,1876,.448,182,549,.332,411,573,.717,408,1066,386,254,122,373,535
246,Portland,30,9,21,.300,-6.59,1.84,1,14,7,9,2,8,1996,2160,,1210,713,1662,.429,199,585,.340,371,552,.672,212,961,399,173,110,420,507
247,Prairie View,27,16,11,.593,-5.17,-6.81,12,2,9,0,6,10,1931,1837,,1085,682,1549,.440,129,413,.312,438,616,.711,261,882,376,231,65,392,584
248,Presbyterian,30,9,21,.300,-14.89,-6.39,6,11,6,6,3,13,2015,2200,,1210,722,1600,.451,181,574,.315,390,553,.705,265,1006,363,177,55,441,562
249,Princeton,23,12,11,.522,-2.01,-1.10,7,3,6,5,4,5,1634,1608,,925,591,1279,.462,184,535,.344,268,373,.718,195,738,298,149,47,294,369
250,Providence,28,16,12,.571,11.97,7.87,9,6,11,3,4,6,1983,1868,,1125,687,1684,.408,201,620,.324,408,594,.687,376,1066,413,234,97,378,532
251,Purdue,29,15,14,.517,16.12,10.40,8,10,11,4,3,8,1969,1803,,1185,733,1735,.422,208,619,.336,295,439,.672,361,1058,388,189,99,331,508
252,Quinnipiac,27,12,15,.444,-8.35,-6.27,7,10,8,5,3,9,1888,1944,,1080,638,1518,.420,276,772,.358,336,445,.755,250,975,365,120,102,373,406
253,Radford,29,20,9,.690,-1.84,-5.29,15,2,10,2,9,6,2100,1911,,1165,765,1636,.468,231,643,.359,339,536,.632,305,1052,398,152,63,307,512
254,Rhode Island,27,20,7,.741,10.61,4.32,12,3,12,1,7,5,2017,1847,,1090,719,1679,.428,157,486,.323,422,611,.691,324,1062,344,235,107,328,467
255,Rice,28,13,15,.464,-3.28,-0.13,5,10,7,6,4,8,2066,2090,,1120,703,1622,.433,277,811,.342,383,541,.708,256,1004,391,165,63,371,449
256,Richmond,28,21,7,.750,10.21,2.60,11,4,12,2,8,3,2087,1874,,1130,760,1637,.464,224,622,.360,343,447,.767,205,946,426,230,74,304,424
257,Rider,27,15,12,.556,-3.97,-5.23,9,8,9,1,4,11,1937,1903,,1080,687,1574,.436,170,530,.321,393,605,.650,302,1034,357,178,67,379,456
258,Robert Morris,30,16,14,.533,-5.93,-6.34,12,5,8,3,7,11,2073,2021,,1200,766,1750,.438,250,690,.362,291,439,.663,312,1009,487,186,56,382,499
259,Rutgers,29,18,11,.621,15.32,9.35,9,9,17,1,1,8,2019,1807,,1165,768,1725,.445,156,520,.300,327,503,.650,342,1161,368,194,133,356,483
260,Sacramento State,27,15,12,.556,-1.67,-2.59,8,10,10,3,4,9,1690,1582,,1080,612,1483,.413,131,416,.315,335,464,.722,303,939,338,188,108,334,467
261,Sacred Heart,30,18,12,.600,-4.65,-7.61,11,6,7,4,10,7,2211,2081,,1200,768,1773,.433,225,691,.326,450,609,.739,378,1221,400,155,123,420,473
262,Saint Francis (PA),28,20,8,.714,-2.20,-6.65,13,4,11,2,8,6,2179,2010,,1125,784,1689,.464,183,496,.369,428,572,.748,316,1020,330,200,72,352,468
263,Saint Joseph's,28,5,23,.179,-5.56,5.69,1,14,3,9,2,11,1915,2230,,1125,659,1708,.386,252,839,.300,345,491,.703,301,1007,347,133,79,380,490
264,Saint Louis,28,20,8,.714,8.28,2.91,9,6,14,3,4,4,2010,1852,,1135,737,1637,.450,151,448,.337,385,660,.583,351,1109,402,210,118,353,512
265,Saint Mary's (CA),30,24,6,.800,12.49,3.80,11,4,14,3,6,2,2277,1974,,1230,819,1694,.483,249,615,.405,390,519,.751,234,973,370,196,62,293,491
266,Saint Peter's,27,15,12,.556,-3.67,-5.93,12,6,10,3,5,9,1797,1736,,1085,609,1490,.409,173,494,.350,406,568,.715,332,1011,288,201,125,442,562
267,Sam Houston State,29,18,11,.621,-4.47,-6.91,11,7,12,3,6,8,2300,2103,,1185,830,1826,.455,226,652,.347,414,550,.753,293,993,472,270,85,405,602
268,Samford,31,9,22,.290,-12.94,-0.51,3,14,6,8,3,14,2286,2537,,1250,809,1856,.436,207,606,.342,461,625,.738,324,1122,362,212,104,496,507
269,San Diego State,28,27,1,.964,18.90,3.42,16,1,14,1,10,0,2102,1640,,1120,750,1599,.469,250,658,.380,352,465,.757,265,1001,421,194,80,305,468
270,San Diego,30,9,21,.300,-2.99,4.70,2,13,6,8,3,10,1976,2173,,1215,725,1745,.415,189,604,.313,337,517,.652,272,1015,372,172,101,440,531
271,San Francisco,30,19,11,.633,7.56,3.73,8,7,12,5,6,6,2246,2084,,1215,795,1821,.437,271,806,.336,385,531,.725,320,1102,359,216,94,380,527
272,San Jose State,29,7,22,.241,-7.19,5.13,3,14,6,9,1,12,2032,2352,,1165,680,1751,.388,244,813,.300,428,595,.719,285,1014,378,182,96,404,535
273,Santa Clara,30,18,12,.600,2.29,1.11,5,10,15,5,3,7,2276,2151,,1205,806,1732,.465,229,639,.358,435,588,.740,222,1024,471,204,108,408,607
274,Seattle,28,14,14,.500,-4.07,-4.07,7,6,9,4,3,9,2090,2022,,1140,698,1730,.403,203,650,.312,491,636,.772,291,998,308,165,88,293,559
275,Seton Hall,27,20,7,.741,17.25,9.32,12,3,11,3,7,3,2016,1802,,1080,698,1574,.443,205,634,.323,415,576,.720,280,1016,387,195,169,371,509
276,Siena,26,16,10,.615,-1.81,-5.05,12,5,13,0,3,10,1889,1805,,1055,667,1469,.454,168,475,.354,387,553,.700,283,943,332,144,78,336,438
277,South Alabama,29,18,11,.621,-0.54,-1.00,11,7,9,5,7,5,2073,1975,,1165,731,1568,.466,155,470,.330,456,627,.727,249,960,324,221,107,349,463
278,South Carolina State,26,11,15,.423,-15.32,-8.53,6,8,8,3,3,12,1827,1951,,1055,633,1441,.439,133,429,.310,428,565,.758,259,913,288,110,48,370,474
279,South Carolina Upstate,30,11,19,.367,-13.42,-5.64,6,11,8,6,3,13,2057,2216,,1200,730,1734,.421,201,626,.321,396,575,.689,291,997,368,177,76,374,576
280,South Carolina,28,17,11,.607,10.34,6.05,9,6,11,5,6,4,2032,1912,,1125,741,1692,.438,163,523,.312,387,626,.618,332,1048,401,217,122,373,641
281,South Dakota State,31,22,9,.710,2.74,-4.12,13,3,16,0,6,9,2419,2179,,1255,890,1807,.493,226,649,.348,413,586,.705,297,1187,448,158,104,403,521
282,South Dakota,30,19,11,.633,-1.54,-3.54,9,6,12,2,5,8,2399,2233,,1200,839,1702,.493,220,565,.389,501,663,.756,193,990,421,135,81,318,520
283,South Florida,28,12,16,.429,4.99,4.84,5,10,9,6,2,6,1751,1747,,1130,606,1481,.409,176,576,.306,363,560,.648,313,943,279,211,57,421,498
284,Southeast Missouri State,30,7,23,.233,-14.28,-5.00,3,14,6,7,0,15,1976,2220,,1205,691,1663,.416,183,570,.321,411,594,.692,275,996,334,158,64,405,555
285,Southeastern Louisiana,28,6,22,.214,-16.57,-5.05,3,14,4,8,2,13,1924,2193,,1135,696,1688,.412,177,604,.293,355,530,.670,302,906,347,224,49,462,589
286,Southern California,29,20,9,.690,11.31,7.14,9,7,12,2,5,6,2054,1933,,1175,736,1681,.438,184,534,.345,398,597,.667,318,1121,406,195,145,418,486
287,SIU Edwardsville,30,8,22,.267,-13.87,-5.77,5,12,4,9,4,13,2021,2191,,1200,750,1751,.428,172,547,.314,349,513,.680,294,1028,419,172,89,416,592
288,Southern Illinois,30,16,14,.533,0.42,-0.03,10,7,12,3,3,9,1884,1843,,1205,655,1521,.431,213,628,.339,361,498,.725,196,906,353,192,58,364,432
289,Southern Methodist,27,19,8,.704,8.25,3.00,9,6,15,1,4,7,2008,1866,,1105,706,1554,.454,218,662,.329,378,490,.771,315,997,429,162,86,363,442
290,Southern Mississippi,28,9,19,.321,-5.31,3.29,5,10,8,6,1,10,1872,2030,,1125,716,1603,.447,149,479,.311,291,397,.733,270,989,406,164,71,411,448
291,Southern Utah,28,14,14,.500,0.01,-1.61,7,10,8,5,5,9,2017,1845,,1135,731,1625,.450,162,505,.321,393,549,.716,262,1045,333,195,121,382,539
292,Southern,28,13,15,.464,-10.83,-8.99,10,5,8,1,4,14,1918,1883,,1125,711,1635,.435,155,489,.317,341,509,.670,309,977,374,189,67,391,601
293,St. Bonaventure,28,18,10,.643,3.94,1.72,10,5,8,5,7,5,1940,1855,,1130,714,1633,.437,189,557,.339,323,443,.729,306,1029,388,157,98,326,482
294,St. Francis (NY),29,12,17,.414,-11.43,-7.11,6,11,9,5,3,12,2025,2082,,1165,750,1788,.419,185,636,.291,338,470,.719,306,1048,356,183,134,361,548
295,St. John's (NY),28,14,14,.500,9.89,6.89,3,12,11,6,1,7,2078,1994,,1120,755,1864,.405,175,575,.304,393,551,.713,355,1091,407,282,117,322,537
296,Stanford,28,19,9,.679,14.38,5.70,8,7,13,4,4,4,1968,1725,,1130,713,1507,.473,209,551,.379,333,478,.697,194,934,365,196,109,407,456
297,Stephen F. Austin,28,25,3,.893,3.73,-7.11,16,1,14,1,11,2,2259,1872,,1125,803,1631,.492,165,446,.370,488,696,.701,365,1039,425,299,89,507,591
298,Stetson,30,15,15,.500,-10.39,-5.43,9,6,7,6,7,8,1907,1976,,1205,680,1527,.445,159,488,.326,388,597,.650,287,1025,294,195,73,417,473
299,Stony Brook,29,18,11,.621,-1.50,-4.07,9,5,9,4,7,7,2030,1911,,1170,691,1707,.405,241,732,.329,407,562,.724,324,1137,324,196,136,426,482
300,Syracuse,28,16,12,.571,12.28,7.35,9,8,11,6,5,4,2069,1931,,1125,705,1617,.436,234,692,.338,425,575,.739,286,999,399,206,124,327,460
301,Temple,28,14,14,.500,6.94,5.87,6,9,8,5,4,7,1945,1915,,1135,685,1672,.410,185,579,.320,390,572,.682,269,1055,385,226,81,365,497
302,Tennessee-Martin,28,8,20,.286,-14.43,-3.86,4,13,5,6,2,12,2107,2304,,1125,751,1663,.452,212,624,.340,393,520,.756,302,918,337,144,78,364,446
303,Tennessee State,30,17,13,.567,-6.52,-5.49,9,8,11,2,4,11,2168,2148,,1205,793,1677,.473,224,629,.356,353,542,.651,316,1134,422,156,125,513,606
304,Tennessee Tech,30,9,21,.300,-13.72,-4.58,6,11,6,8,3,11,1962,2166,,1210,728,1767,.412,249,752,.331,257,380,.676,316,1043,412,205,92,457,440
305,Tennessee,28,15,13,.536,11.07,7.57,7,8,10,5,3,7,1872,1774,,1120,644,1501,.429,165,544,.303,419,559,.750,285,988,409,173,161,388,512
306,Texas A&M-Corpus Christi,28,11,17,.393,-10.97,-5.74,7,10,7,6,4,11,1814,1912,,1120,636,1445,.440,211,568,.371,329,475,.693,259,948,346,156,87,497,539
307,Texas A&M,27,14,13,.519,3.93,6.08,8,7,10,6,4,3,1689,1747,,1085,561,1409,.398,164,579,.283,403,583,.691,289,914,293,177,82,380,421
308,Texas-Arlington,29,13,16,.448,2.86,2.56,9,9,8,6,5,9,2034,1975,,1160,717,1732,.414,223,721,.309,377,498,.757,295,1069,424,174,82,333,514
309,Texas Christian,28,15,13,.536,9.27,9.09,6,9,13,4,1,8,1827,1801,,1135,665,1586,.419,234,690,.339,263,414,.635,324,992,409,194,140,400,458
310,Texas-El Paso,28,14,14,.500,-1.27,0.17,5,10,12,4,1,9,1867,1846,,1125,647,1528,.423,174,610,.285,399,529,.754,225,964,347,169,83,390,488
311,Texas-Rio Grande Valley,28,12,16,.429,-7.66,-3.58,7,7,10,3,2,11,2022,1987,,1130,721,1658,.435,178,515,.346,402,566,.710,297,929,418,230,105,364,564
312,Texas-San Antonio,28,12,16,.429,-2.47,0.57,6,9,9,4,3,8,2190,2166,,1140,773,1817,.425,269,779,.345,375,492,.762,310,1101,353,165,76,363,570
313,Texas Southern,27,13,14,.481,-10.19,-4.46,10,4,8,1,5,13,1948,2059,,1095,672,1634,.411,143,477,.300,461,659,.700,329,1029,310,166,76,422,514
314,Texas State,29,19,10,.655,5.47,-0.31,12,6,14,3,5,7,2113,1847,,1160,752,1645,.457,154,462,.333,455,597,.762,288,984,401,189,87,325,539
315,Texas Tech,28,18,10,.643,17.32,7.39,9,6,13,2,3,6,2042,1764,,1135,710,1559,.455,202,561,.360,420,557,.754,254,939,435,226,113,385,493
316,Texas,28,17,11,.607,10.60,9.24,7,8,11,5,4,5,1810,1772,,1120,676,1567,.431,225,663,.339,233,345,.675,258,896,338,155,126,382,516
317,Toledo,28,14,14,.500,1.23,-1.48,6,9,7,6,7,8,2112,1980,,1125,710,1606,.442,253,684,.370,439,591,.743,284,1061,406,163,97,354,453
318,Towson,30,18,12,.600,0.44,-1.52,11,6,9,5,7,4,2121,1981,,1210,743,1724,.431,198,576,.344,437,566,.772,344,1127,343,173,94,356,548
319,Troy,29,9,20,.310,-8.79,-1.60,5,13,6,8,3,12,2004,2120,,1170,706,1772,.398,242,769,.315,350,516,.678,348,1074,405,166,80,412,553
320,Tulane,28,12,16,.429,0.43,2.82,4,12,7,5,3,7,1907,1974,,1125,653,1575,.415,221,639,.346,380,539,.705,220,864,320,237,70,332,428
321,Tulsa,28,19,9,.679,7.91,3.09,11,4,14,2,5,6,1920,1785,,1140,669,1500,.446,160,506,.316,422,597,.707,246,975,358,213,66,376,432
322,UCLA,29,18,11,.621,9.33,7.72,11,5,12,4,5,4,2032,1961,,1170,718,1630,.440,174,540,.322,422,595,.709,350,1070,383,199,97,389,539
323,Utah State,30,23,7,.767,14.37,3.84,12,5,15,1,4,5,2313,1905,,1215,804,1763,.456,219,662,.331,486,629,.773,331,1230,499,187,93,367,473
324,Utah Valley,29,11,18,.379,-7.19,-4.15,5,9,6,6,5,12,2054,2070,,1170,730,1654,.441,189,623,.303,405,568,.713,246,1026,400,166,152,409,519
325,Utah,28,15,13,.536,8.66,7.73,6,10,11,2,1,9,1977,1951,,1130,688,1537,.448,193,593,.325,408,560,.729,265,1005,396,157,82,379,427
326,Valparaiso,30,16,14,.533,1.94,1.08,9,8,11,2,4,9,2185,2133,,1215,793,1791,.443,251,733,.342,348,489,.712,286,1024,457,240,101,393,517
327,Vanderbilt,28,9,19,.321,2.99,5.92,1,14,9,10,0,8,1992,2074,,1130,664,1549,.429,229,692,.331,435,634,.686,244,896,317,199,95,360,533
328,Vermont,29,22,7,.759,6.21,-4.18,12,2,10,3,11,3,2040,1700,,1160,730,1653,.442,233,717,.325,347,487,.713,283,1071,399,170,99,336,472
329,Villanova,28,22,6,.786,17.29,9.72,11,4,12,2,7,3,2066,1854,,1125,726,1646,.441,279,767,.364,335,431,.777,251,1013,413,160,78,301,424
330,Virginia Commonwealth,28,17,11,.607,9.85,4.07,7,8,13,3,4,6,1976,1814,,1120,693,1632,.425,208,610,.341,382,542,.705,284,955,366,259,123,348,514
331,VMI,30,8,22,.267,-6.79,-2.16,3,14,5,10,2,11,2149,2114,,1220,767,1796,.427,318,909,.350,297,420,.707,304,1059,477,201,73,373,534
332,Virginia Tech,28,15,13,.536,8.76,5.19,6,11,11,6,3,5,1960,1860,,1150,703,1659,.424,273,772,.354,281,395,.711,220,969,416,163,86,269,409
333,Virginia,27,20,7,.741,11.60,6.67,12,5,12,3,6,4,1556,1423,,1095,568,1370,.415,158,521,.303,262,367,.714,224,924,315,143,126,331,363
334,Wagner,28,8,20,.286,-14.27,-5.49,5,12,5,7,3,13,1923,2130,,1135,684,1650,.415,199,622,.320,356,492,.724,305,959,362,166,67,387,582
335,Wake Forest,27,12,15,.444,7.48,8.11,5,12,8,5,1,9,1973,1990,,1100,656,1537,.427,173,507,.341,488,656,.744,277,1028,332,137,79,386,526
336,Washington State,28,14,14,.500,4.39,3.75,5,10,11,5,1,7,1939,1921,,1130,681,1722,.395,211,684,.308,366,503,.728,303,1009,327,189,71,323,478
337,Washington,28,13,15,.464,12.17,7.49,3,12,10,6,1,7,1956,1825,,1130,677,1536,.441,197,595,.331,405,568,.713,244,985,353,195,176,419,478
338,Weber State,27,11,16,.407,-8.00,0.29,7,9,8,4,3,8,1877,1909,,1090,686,1511,.454,188,569,.330,317,444,.714,188,850,303,142,102,326,387
339,West Virginia,28,19,9,.679,18.69,10.22,7,8,13,1,3,8,1964,1727,,1125,699,1650,.424,142,491,.289,424,666,.637,419,1131,348,218,101,413,519
340,Western Carolina,28,18,10,.643,-0.14,-2.10,10,7,10,4,8,6,2232,2096,,1130,771,1655,.466,280,752,.372,410,573,.716,285,1074,413,148,49,398,476
341,Western Illinois,25,5,20,.200,-14.32,-2.84,2,13,4,10,1,10,1871,2057,,1010,688,1605,.429,215,583,.369,280,359,.780,209,847,259,125,55,276,446
342,Western Kentucky,28,19,9,.679,4.39,0.91,12,4,12,2,5,5,2134,1997,,1140,720,1582,.455,195,583,.334,499,630,.792,233,945,311,184,116,344,380
343,Western Michigan,28,11,17,.393,-5.95,-0.03,4,11,8,5,3,10,1937,2022,,1135,665,1565,.425,198,598,.331,409,569,.719,237,964,303,140,57,359,507
344,Wichita State,28,21,7,.750,13.47,5.18,9,6,16,2,4,4,2022,1790,,1130,698,1713,.407,213,657,.324,413,594,.695,339,1097,403,203,104,359,528
345,William & Mary,30,20,10,.667,-2.07,-2.69,12,5,10,2,10,7,2139,2061,,1200,777,1672,.465,224,650,.345,361,488,.740,251,1081,409,132,122,381,465
346,Winthrop,30,20,10,.667,0.77,-5.73,14,3,10,4,10,6,2421,2151,,1215,861,1877,.459,277,814,.340,422,665,.635,406,1220,480,202,74,419,603
347,Wisconsin,28,18,10,.643,15.57,10.78,11,6,13,1,5,6,1888,1754,,1125,662,1548,.428,244,693,.352,320,416,.769,228,943,342,125,102,286,427
348,Wofford,30,16,14,.533,0.24,-1.65,8,9,10,5,6,9,2176,2054,,1215,784,1705,.460,286,825,.347,322,449,.717,235,927,400,175,78,357,511
349,Wright State,30,24,6,.800,3.06,-6.77,14,3,14,2,8,3,2460,2129,,1215,878,1894,.464,236,640,.369,468,684,.684,361,1200,428,195,109,372,482
350,Wyoming,29,7,22,.241,-4.31,4.47,2,15,4,13,3,7,1779,2011,,1175,617,1506,.410,212,693,.306,333,459,.725,138,847,314,154,59,380,542
351,Xavier,28,18,10,.643,12.94,9.11,7,8,12,4,4,5,1983,1876,,1145,730,1684,.433,183,585,.313,340,519,.655,330,1103,411,165,106,385,473
352,Yale,26,20,6,.769,7.57,-1.81,8,2,8,1,10,5,2006,1674,,1080,710,1501,.473,234,632,.370,352,498,.707,236,1021,423,156,89,342,398
353,Youngstown State,30,16,14,.533,-5.77,-4.77,9,8,12,4,4,10,2204,2158,,1215,798,1884,.424,219,702,.312,389,563,.691,418,1185,376,178,78,361,523
